Date,High,Low,Last,Average,Sell,Buy,Volume (BTC),Volume (CNY)
2016-11-12,4942.89,4888.0,4926.46,4921.26,4926.39,4926.0,322.01,1584696.06
2016-11-11,4951.27,4865.0,4913.0,4908.86,4914.0,4911.66,514.907,2527603.82
2016-11-10,4994.0,4824.1,4946.41,4941.06,4944.89,4944.19,578.89,2860330.11
2016-11-09,4883.0,4770.0,4833.32,4828.22,4833.51,4832.39,577.772,2789612.6
2016-11-08,4810.0,4732.0,4775.1,4776.76,4772.86,4771.05,611.275,2919912.63
2016-11-06,4837.0,4703.0,4824.37,4783.1,4825.14,4822.52,256.76,1228108.82
2016-11-05,4783.0,4685.65,4730.23,4733.54,4734.64,4734.53,536.939,2541623.9
2016-11-04,4789.18,4560.0,4739.84,4718.5,4742.28,4741.95,813.943,3840587.53
2016-11-03,5130.4,4550.0,4592.03,5019.57,4594.69,4593.94,821.141,4121778.16
2016-11-02,5016.42,4931.0,5016.0,4977.83,5017.12,5016.21,433.817,2159468.64
2016-11-01,5050.0,4800.0,4993.0,4958.05,4998.85,4996.28,547.795,2715995.37
2016-10-31,4866.0,4700.0,4812.46,4795.33,4814.63,4813.62,276.75,1327107.4
2016-10-30,4930.0,4740.9,4799.95,4838.49,4781.98,4781.82,263.182,1273402.3
2016-10-29,4950.0,4704.17,4921.94,4824.61,4922.85,4922.76,433.923,2093507.39
2016-10-28,4723.98,4672.94,4708.69,4700.45,4710.0,4709.28,353.946,1663704.39
2016-10-27,4733.9,4648.0,4700.0,4694.84,4701.5,4700.55,1006.176,4723830.32
2016-10-26,4677.04,4450.0,4652.09,4560.78,4652.12,4652.01,364.795,1663749.94
2016-10-25,4609.98,4482.4,4577.53,4515.05,4577.79,4577.05,525.039,2370575.51
2016-10-24,4506.3,4458.36,4479.19,4482.07,4484.81,4483.41,520.833,2334410.24
2016-10-23,4563.65,4470.0,4505.08,4515.73,4504.73,4503.14,640.406,2891900.65
2016-10-22,4528.0,4294.0,4507.79,4350.88,4510.76,4509.48,847.063,3685473.11
2016-10-21,4298.38,4262.75,4291.58,4288.66,4298.23,4296.74,335.869,1440429.03
2016-10-20,4271.22,4230.0,4265.35,4249.56,4264.03,4261.71,463.284,1968755.1
2016-10-19,4329.86,4227.25,4254.73,4289.1,4255.0,4253.87,583.881,2504326.71
2016-10-18,4340.0,4293.43,4321.92,4325.58,4322.24,4320.71,140.482,607666.15
2016-10-17,4346.54,4318.13,4328.19,4337.33,4328.71,4327.33,157.079,681304.2
2016-10-16,4355.91,4310.42,4341.78,4336.35,4340.07,4338.17,241.929,1049090.02
2016-10-15,4339.99,4294.27,4312.0,4324.26,4312.14,4310.58,147.575,638153.35
2016-10-14,4343.82,4300.0,4321.64,4317.06,4321.81,4320.59,124.103,535760.23
2016-10-13,4316.84,4293.31,4306.76,4308.05,4308.57,4306.86,140.141,603734.28
2016-10-12,4352.35,4281.0,4305.48,4307.16,4306.86,4306.16,272.33,1172968.2
2016-10-11,4340.73,4140.37,4333.21,4242.84,4330.0,4329.34,323.578,1372888.28
2016-10-10,4147.56,4115.0,4142.39,4129.53,4142.33,4141.06,360.861,1490187.83
2016-10-09,4123.71,4100.0,4112.74,4110.2,4113.29,4112.96,150.017,616599.23
2016-10-08,4140.0,4113.94,4119.0,4120.66,4120.1,4119.16,129.166,532249.03
2016-10-07,4132.03,4089.0,4124.09,4114.47,4124.12,4122.64,145.382,598170.51
2016-10-06,4097.39,4080.0,4092.74,4090.42,4093.29,4092.12,35.512,145258.84
2016-10-05,4100.0,4067.0,4095.82,4080.16,4095.06,4094.45,47.399,193395.68
2016-10-04,4087.48,4057.94,4077.27,4071.94,4077.23,4076.33,97.735,397971.28
2016-10-03,4092.74,4078.32,4084.99,4087.86,4085.0,4083.64,96.465,394335.34
2016-10-02,4099.82,4070.0,4082.25,4086.14,4083.74,4082.43,168.084,686814.93
2016-10-01,4111.0,4070.0,4099.82,4088.96,4100.01,4098.43,144.921,592576.26
2016-09-30,4078.01,4030.99,4074.0,4038.54,4070.85,4069.8,393.439,1588917.97
2016-09-29,4050.23,4023.21,4037.62,4032.75,4035.96,4034.95,567.106,2286997.62
2016-09-28,4045.0,4020.0,4032.83,4032.75,4033.0,4032.02,397.637,1603568.64
2016-09-27,4062.21,4016.82,4032.97,4038.84,4033.25,4032.7,165.101,666817.11
2016-09-26,4054.0,3987.55,4044.69,4008.35,4044.8,4044.24,287.32,1151679.57
2016-09-25,4015.18,3980.08,3991.06,3996.5,3991.99,3990.04,19.974,79826.18
2016-09-24,4023.75,3990.84,4004.35,4013.53,4007.78,4007.34,58.192,233555.29
2016-09-23,4015.48,3966.0,4013.56,3988.77,4013.19,4011.98,34.795,138789.37
2016-09-22,3986.0,3964.05,3967.98,3977.78,3967.91,3966.98,35.787,142352.82
2016-09-21,4046.5,3890.8,3981.53,3973.27,3980.71,3979.35,25.687,102061.35
2016-09-20,4061.01,4035.0,4043.18,4051.46,4042.64,4039.56,28.87,116965.58
2016-09-19,4075.0,4042.33,4045.87,4056.26,4051.72,4050.53,45.958,186417.41
2016-09-18,4068.17,4015.0,4057.06,4044.09,4057.49,4056.01,42.131,170381.44
2016-09-17,4036.92,4015.59,4029.32,4031.73,4031.58,4030.51,33.053,133260.7
2016-09-16,4052.6,4022.38,4030.0,4037.49,4029.56,4029.08,18.786,75848.27
2016-09-15,4056.21,4019.33,4034.59,4043.55,4034.59,4034.51,35.846,144945.02
2016-09-14,4061.98,4040.0,4055.13,4047.4,4054.14,4052.22,41.115,166408.76
2016-09-13,4061.29,4032.34,4042.25,4046.12,4044.27,4043.38,31.42,127129.13
2016-09-12,4039.33,4016.0,4034.24,4027.59,4034.34,4033.16,18.797,75706.64
2016-09-11,4200.73,3950.0,4023.69,4100.25,4020.26,4019.51,29.122,119407.56
2016-09-10,4159.0,4133.0,4148.3,4142.43,4150.05,4149.1,33.663,139446.74
2016-09-09,4163.02,4113.0,4140.0,4134.67,4140.88,4139.35,59.911,247712.36
2016-09-08,4176.01,4079.83,4150.51,4154.32,4151.92,4149.81,64.773,269087.45
2016-09-07,4100.0,4065.6,4084.19,4081.85,4084.53,4082.78,27.55,112454.88
2016-09-06,4108.22,4066.95,4081.8,4075.3,4083.4,4082.22,95.588,389549.92
2016-09-05,4115.92,4048.3,4091.33,4081.04,4091.07,4089.69,69.314,282873.0
2016-09-04,4130.64,4025.0,4102.65,4070.31,4103.38,4102.58,107.673,438262.38
2016-09-03,4064.29,3829.19,4035.0,3885.61,4036.85,4036.76,105.471,409818.92
2016-09-02,3852.4,3814.2,3840.32,3826.82,3839.44,3838.0,117.789,450757.43
2016-09-01,3859.53,3803.01,3813.8,3841.33,3818.79,3816.36,96.564,370933.89
2016-08-31,3872.4,3789.67,3840.02,3843.47,3842.68,3842.32,144.602,555773.14
2016-08-30,3879.98,3830.72,3868.6,3852.43,3868.62,3867.12,92.378,355880.23
2016-08-29,3859.0,3819.02,3835.98,3839.79,3835.24,3833.29,55.16,211802.8
2016-08-28,3827.51,3779.71,3821.34,3799.27,3823.06,3821.73,31.849,121003.01
2016-08-27,3862.27,3762.93,3779.3,3810.5,3780.31,3778.83,13.748,52386.79
2016-08-26,3867.56,3833.6,3857.17,3853.52,3860.09,3858.25,56.423,217426.99
2016-08-25,3858.8,3817.58,3841.95,3840.44,3842.01,3840.3,73.072,280628.6
2016-08-24,3879.9,3459.86,3854.13,3857.89,3853.7,3852.82,145.05,559586.28
2016-08-23,3935.0,3843.59,3870.16,3908.57,3872.15,3870.94,91.952,359400.63
2016-08-22,3927.77,3870.13,3920.3,3885.94,3914.72,3914.71,192.824,749303.23
2016-08-21,3902.0,3860.22,3867.7,3888.0,3871.29,3870.16,46.918,182417.39
2016-08-20,3897.12,3822.37,3878.77,3861.0,3880.25,3879.28,101.571,392165.65
2016-08-19,3834.2,3813.53,3819.82,3821.62,3821.26,3819.57,132.064,504697.77
2016-08-18,3844.44,3801.0,3819.9,3814.47,3814.71,3813.46,164.123,626041.51
2016-08-17,3853.09,3783.36,3818.18,3827.82,3817.49,3816.25,101.415,388198.12
2016-08-16,3868.0,3766.96,3858.0,3793.72,3859.19,3858.36,116.638,442491.46
2016-08-15,3830.28,3731.5,3791.99,3811.88,3792.99,3791.29,84.056,320411.64
2016-08-14,3900.66,3760.92,3797.95,3834.33,3810.37,3810.31,26.233,100585.96
2016-08-13,3922.0,3875.37,3895.94,3904.33,3898.08,3896.15,23.245,90756.17
2016-08-12,3934.6,3855.0,3911.69,3908.41,3912.47,3911.03,61.534,240500.37
2016-08-11,3974.84,3924.71,3929.85,3957.99,3932.25,3931.24,49.702,196720.18
2016-08-10,3998.0,3870.98,3955.55,3950.87,3961.94,3961.7,202.3,799260.77
2016-08-09,3912.42,3849.87,3892.95,3888.62,3894.66,3893.23,67.457,262314.97
2016-08-08,3960.98,3878.13,3916.47,3903.56,3909.91,3908.33,63.412,247532.44
2016-08-07,3934.08,3836.81,3908.14,3896.13,3901.97,3901.4,121.248,472397.65
2016-08-06,3883.14,3717.33,3862.0,3815.15,3865.11,3862.8,57.876,220805.81
2016-08-05,3784.25,3750.37,3782.46,3767.45,3778.23,3777.43,97.165,366064.66
2016-08-04,3795.57,3699.54,3776.61,3767.88,3778.08,3777.64,123.609,465744.33
2016-08-03,3737.98,3299.0,3717.48,3567.29,3713.2,3711.34,256.636,915494.43
2016-08-02,4110.73,3513.13,3560.81,3894.19,3692.1,3580.0,218.486,850826.48
2016-08-01,4183.99,4066.9,4101.01,4128.0,4109.27,4109.07,118.038,487260.75
2016-07-31,4364.36,4154.46,4182.32,4223.25,4182.9,4181.8,106.672,450502.54
2016-07-30,4374.0,4354.01,4361.67,4362.42,4361.06,4359.51,63.197,275691.96
2016-07-29,4390.9,4331.01,4372.92,4359.09,4371.8,4370.83,74.483,324678.03
2016-07-28,4393.34,4353.61,4364.78,4374.02,4365.06,4363.25,52.783,230873.72
2016-07-27,4402.36,4320.0,4364.27,4346.15,4366.3,4364.11,126.21,548528.13
2016-07-26,4390.98,4312.95,4363.96,4362.45,4362.8,4362.04,169.806,740770.08
2016-07-25,4429.95,4362.42,4382.69,4398.92,4382.07,4381.13,182.405,802384.57
2016-07-24,4442.15,4350.68,4424.77,4375.99,4426.11,4424.99,58.454,255794.26
2016-07-23,4380.0,4306.48,4374.6,4358.49,4375.25,4374.26,53.697,234037.7
2016-07-22,4455.9,4293.13,4305.17,4378.39,4306.48,4304.21,127.385,557740.99
2016-07-21,4451.32,4400.42,4439.04,4427.76,4439.94,4437.3,40.18,177907.32
2016-07-20,4517.52,4414.98,4420.25,4490.49,4426.57,4425.14,110.535,496356.23
2016-07-19,4537.34,4465.03,4471.49,4514.4,4494.97,4491.13,69.286,312784.81
2016-07-18,4585.0,4497.96,4537.26,4555.72,4538.8,4538.0,139.612,636033.39
2016-07-17,4578.74,4429.01,4551.0,4451.0,4528.75,4524.45,127.013,565334.62
2016-07-16,4449.99,4403.12,4429.03,4429.62,4430.11,4428.95,37.911,167931.15
2016-07-15,4464.31,4385.1,4447.16,4429.28,4442.74,4440.36,19.058,84413.21
2016-07-14,4434.37,4361.94,4388.98,4393.51,4390.0,4384.54,17.532,77026.94
2016-07-13,4515.0,4392.64,4434.4,4446.09,4434.17,4432.41,31.59,140451.91
2016-07-12,4500.0,4326.02,4500.0,4359.3,4492.92,4490.76,221.613,966077.83
2016-07-11,4418.02,4318.73,4340.24,4344.51,4341.97,4340.27,556.679,2418496.93
2016-07-10,4369.14,4276.32,4341.19,4337.23,4337.9,4335.9,115.068,499076.23
2016-07-09,4450.98,4184.83,4349.22,4348.43,4349.02,4348.71,249.947,1086877.57
2016-07-08,4421.0,4274.56,4416.01,4349.9,4413.64,4411.38,181.971,791556.18
2016-07-07,4578.74,4077.54,4293.83,4286.65,4280.98,4280.0,97.22,416748.53
2016-07-06,4590.57,4494.28,4546.12,4536.57,4547.62,4547.51,32.338,146703.49
2016-07-05,4593.57,4451.38,4485.0,4510.88,4498.91,4496.82,97.471,439679.62
2016-07-04,4561.71,4311.48,4542.38,4484.75,4548.48,4544.73,107.297,481200.1
2016-07-03,4734.6,4317.34,4423.0,4541.99,4409.28,4407.68,143.295,650843.96
2016-07-02,4724.6,4518.84,4698.78,4627.0,4710.32,4708.19,82.967,383888.06
2016-07-01,4594.6,4450.01,4551.0,4523.31,4555.41,4551.51,118.371,535429.11
2016-06-30,4517.22,4237.13,4492.34,4400.46,4484.24,4483.42,94.628,416406.92
2016-06-29,4334.28,4148.27,4252.97,4230.39,4253.44,4252.27,56.895,240688.15
2016-06-28,4370.53,4219.13,4319.21,4309.86,4322.23,4320.46,79.083,340836.9
2016-06-27,4300.0,4068.91,4275.0,4211.45,4256.23,4254.31,37.405,157529.3
2016-06-26,4429.21,3992.99,4167.58,4261.98,4158.06,4157.82,73.396,312812.38
2016-06-25,4554.73,4215.7,4426.12,4434.96,4420.15,4419.7,89.703,397829.2
2016-06-24,4450.0,4057.38,4339.81,4291.49,4344.48,4342.17,125.208,537328.39
2016-06-23,4150.0,3538.02,4073.65,3819.95,4076.6,4076.19,232.278,887290.77
2016-06-22,4500.0,3880.76,3967.01,4299.82,3961.5,3959.9,193.704,832891.99
2016-06-21,4940.56,4195.36,4390.56,4532.21,4389.06,4387.74,172.357,781158.59
2016-06-20,5111.55,4900.0,4925.61,5033.83,4985.5,4889.0,71.138,358096.65
2016-06-19,5133.0,4960.0,5113.71,5030.25,5160.0,5078.04,54.261,272946.53
2016-06-18,5168.78,4881.02,4990.96,5000.93,5133.0,4923.25,173.403,867176.7
2016-06-17,5158.0,4730.0,4964.03,4977.98,4970.99,4965.33,203.837,1014697.32
2016-06-16,5171.19,4620.18,5139.17,4862.01,5147.21,5121.02,280.837,1365430.93
2016-06-15,4636.98,4509.25,4622.06,4569.95,4672.59,4728.51,178.716,816723.65
2016-06-14,4703.1,4460.0,4606.85,4621.42,4660.0,4728.51,57.268,264659.2
2016-06-13,4790.0,4558.0,4675.76,4679.66,4729.99,4728.51,120.775,565186.48
2016-06-12,4758.88,3913.74,4742.5,4292.66,4754.71,4622.0,262.538,1126986.67
2016-06-11,3909.02,3842.68,3908.12,3869.51,3998.0,3842.01,71.698,277436.1
2016-06-10,3857.75,3833.83,3837.0,3841.15,3842.98,3833.68,21.986,84451.47
2016-06-09,3889.0,3794.86,3844.13,3848.82,3849.98,3840.02,12.6855,48824.24
2016-06-08,3884.99,3800.0,3867.87,3838.63,3884.99,3871.96,11.3659,43629.58
2016-06-07,3940.78,3761.81,3829.8,3885.14,3832.44,3829.44,26.0647,101264.79
2016-06-06,3897.7,3815.0,3875.03,3863.99,3897.7,3877.05,49.6679,191916.13
2016-06-05,3862.54,3781.59,3825.91,3825.9,3850.16,3826.39,11.9291,45639.47
2016-06-04,3887.43,3745.92,3796.66,3782.02,3791.54,3768.31,31.4578,118974.21
2016-06-03,3788.1,3579.43,3773.64,3690.53,3781.23,3760.09,51.6801,190727.22
2016-06-02,3638.1,3517.17,3605.78,3597.03,3630.41,3609.33,19.2897,69385.67
2016-06-01,3639.54,3543.19,3576.23,3576.06,3594.96,3573.88,27.103,96922.15
2016-05-31,3808.04,3481.65,3602.44,3618.59,3615.17,3600.0,33.396,120846.57
2016-05-30,3795.99,3650.0,3734.33,3732.1,3734.33,3715.25,27.6905,103343.67
2016-05-29,3954.25,3465.0,3690.53,3776.87,3727.51,3706.14,141.6356,534939.3
2016-05-28,3896.83,3253.6,3850.59,3503.76,3882.04,3856.07,77.4547,271382.73
2016-05-27,3304.39,3008.85,3291.0,3223.97,3293.98,3244.27,81.9979,264358.93
2016-05-26,3024.0,2972.51,3007.39,2995.73,3021.99,3006.15,15.8204,47393.79
2016-05-25,3010.0,2959.07,2986.5,2986.28,2986.48,2984.0,28.6765,85635.91
2016-05-24,2988.99,2940.97,2970.13,2956.73,2970.12,2961.55,27.2337,80522.62
2016-05-23,2959.16,2911.17,2943.22,2935.82,2942.97,2936.97,37.4561,109964.39
2016-05-22,2960.0,2890.2,2935.0,2935.96,2935.0,2921.5,28.8507,84704.62
2016-05-21,2949.59,2918.54,2930.7,2933.67,2945.0,2930.44,30.9113,90683.52
2016-05-20,2952.75,2870.5,2934.65,2915.57,2934.65,2917.43,56.522,164793.98
2016-05-19,3024.0,2920.23,2931.61,2970.48,2931.61,2928.32,41.3781,122912.91
2016-05-18,3000.0,2965.25,2994.37,2980.18,2994.37,2992.0,37.4341,111560.22
2016-05-17,2995.32,2948.0,2976.01,2963.36,2979.67,2976.03,26.6539,78985.05
2016-05-16,3025.92,2953.0,2969.65,2988.9,2969.65,2967.46,39.4298,117851.75
2016-05-15,3004.98,2978.7,3003.66,2991.34,3003.64,2996.01,17.8311,53338.8
2016-05-14,3000.02,2966.2,2991.66,2989.93,2992.72,2981.21,29.6021,88508.18
2016-05-13,2999.06,2950.0,2981.18,2967.04,2997.56,2980.15,43.4839,129018.5
2016-05-12,2970.09,2910.0,2964.15,2942.81,2970.0,2964.15,27.2865,80298.82
2016-05-11,2974.13,2937.03,2945.27,2952.11,2954.87,2945.27,32.8704,97037.21
2016-05-10,3009.4,2936.18,2945.99,2989.15,2957.38,2942.57,60.3147,180289.84
2016-05-09,3009.4,2927.28,3009.4,2964.91,3009.38,2998.57,186.7869,553806.35
2016-05-08,2980.0,2948.72,2965.0,2966.32,2970.0,2954.85,55.8506,165670.73
2016-05-07,2993.27,2955.41,2967.57,2969.16,2980.0,2967.54,143.2311,425275.43
2016-05-06,2982.13,2879.73,2982.13,2910.3,2982.13,2975.6,212.0876,617237.51
2016-05-05,2911.05,2880.32,2911.01,2896.87,2911.02,2902.59,313.881,909271.44
2016-05-04,2928.24,2883.34,2886.97,2901.69,2898.99,2889.6,211.9446,614998.37
2016-05-03,2913.99,2846.21,2909.91,2879.7,2913.98,2910.38,289.2857,833057.4
2016-05-02,2930.58,2850.0,2871.56,2885.04,2883.99,2868.71,38.3321,110589.54
2016-05-01,2957.0,2879.49,2926.73,2918.0,2928.75,2911.77,19.9128,58105.46
2016-04-30,2957.42,2888.52,2908.73,2929.39,2906.46,2891.0,40.6959,119214.07
2016-04-29,2947.55,2877.08,2926.23,2900.15,2941.36,2924.45,243.7704,706971.56
2016-04-28,2935.4,2816.46,2900.09,2870.75,2912.3,2903.55,194.2885,557754.49
2016-04-27,3038.15,2900.0,2916.78,2966.5,2916.95,2916.96,154.2023,457440.75
2016-04-26,3036.82,2955.01,3024.85,2997.16,3024.87,3010.98,177.7043,532608.35
2016-04-25,3049.98,2937.0,3007.38,2983.07,3007.32,2993.55,247.8618,739389.27
2016-04-24,3000.0,2910.3,2973.15,2948.49,2988.39,2973.15,85.5949,252376.13
2016-04-23,2950.0,2878.56,2926.83,2893.95,2926.83,2924.86,245.5665,710656.1
2016-04-22,2925.33,2860.1,2905.42,2889.09,2905.42,2890.36,214.0868,618516.17
2016-04-21,2929.68,2840.01,2929.67,2878.13,2928.0,2914.69,355.4763,1023107.08
2016-04-20,2880.0,2788.33,2872.96,2834.13,2880.0,2872.59,289.0971,819337.79
2016-04-18,2795.0,2695.95,2784.51,2778.69,2793.73,2784.95,532.7747,1480415.72
2016-04-17,2803.41,2680.25,2774.93,2755.04,2773.98,2745.01,628.9558,1732797.51
2016-04-16,2810.0,2742.1,2792.99,2789.51,2792.99,2787.52,301.3412,840594.66
2016-04-15,2788.81,2725.0,2786.99,2770.28,2786.99,2782.5,344.1507,953393.88
2016-04-14,2764.86,2703.0,2759.93,2746.91,2759.93,2753.33,579.6892,1592356.47
2016-04-13,2770.51,2700.01,2754.0,2746.5,2754.0,2747.28,551.6317,1515056.38
2016-04-12,2780.0,2700.0,2760.77,2750.07,2770.51,2760.77,789.7558,2171879.9
2016-04-11,2736.8,2692.05,2736.78,2722.44,2736.78,2729.87,630.1845,1715637.42
2016-04-10,2730.0,2685.01,2726.99,2710.83,2727.0,2700.46,621.9389,1685972.7
2016-04-09,2730.9,2657.17,2700.47,2695.17,2707.17,2700.48,728.5615,1963595.51
2016-04-08,2749.9,2681.29,2707.72,2731.8,2726.27,2708.72,930.9744,2543234.81
2016-04-07,2743.85,2689.99,2730.99,2725.27,2730.96,2727.64,751.2277,2047301.8
2016-04-06,2753.5,2705.09,2720.03,2737.73,2738.93,2720.03,955.9606,2617166.83
2016-04-05,2750.99,2693.08,2749.98,2730.73,2750.25,2749.99,814.8029,2225010.03
2016-04-04,2740.4,2679.86,2725.03,2714.75,2732.94,2725.03,760.7931,2065365.26
2016-04-03,2720.02,2661.0,2719.99,2709.45,2719.99,2700.97,1020.3405,2764565.48
2016-04-02,2720.0,2608.88,2681.52,2680.28,2714.85,2681.52,1055.7891,2829813.2
2016-04-01,2694.24,2580.0,2632.1,2647.48,2653.25,2632.1,1206.478,3194132.3
2016-03-31,2679.05,2501.0,2610.01,2619.23,2625.0,2610.0,542.1199,1419938.49
2016-03-30,2711.31,2607.0,2662.21,2679.04,2663.0,2635.0,518.4969,1389072.34
2016-03-29,2806.47,2650.0,2707.0,2734.46,2716.85,2705.36,251.3679,687355.82
2016-03-28,2800.0,2660.01,2781.31,2765.73,2781.17,2776.71,407.8381,1127971.82
2016-03-27,2720.03,2505.0,2720.0,2703.69,2720.0,2691.33,494.6101,1337271.76
2016-03-26,2728.99,2000.03,2688.1,2666.55,2688.1,2688.02,550.628,1468275.58
2016-03-25,2725.01,2610.0,2689.81,2701.52,2689.8,2663.02,618.3487,1670479.21
2016-03-24,2738.01,1260.0,2719.98,2551.6,2719.98,2718.55,756.7967,1931039.46
2016-03-23,2748.34,2418.44,2737.99,2717.49,2737.99,2717.1,184.1704,500480.54
2016-03-22,2745.62,2673.95,2721.95,2706.93,2728.99,2721.95,145.8564,394823.5
2016-03-21,2700.0,2626.77,2685.98,2674.87,2693.43,2685.98,117.7143,314870.34
2016-03-20,2698.28,2651.0,2678.07,2678.05,2693.07,2678.1,20.4067,54650.02
2016-03-19,2818.0,2631.99,2651.0,2656.69,2651.0,2641.97,31.0892,82594.35
2016-03-18,2788.2,2635.3,2645.11,2711.59,2660.21,2645.11,110.075,298478.13
2016-03-17,2832.99,2736.0,2742.01,2752.16,2754.58,2742.01,99.9319,275028.46
2016-03-16,2779.0,2730.43,2759.07,2741.56,2759.07,2744.88,98.4386,269875.34
2016-03-15,2822.23,2730.02,2736.01,2747.23,2749.6,2736.01,118.4432,325390.65
2016-03-14,2789.98,2715.6,2735.14,2739.67,2736.32,2730.04,107.7139,295100.3
2016-03-13,2753.34,2707.6,2729.15,2727.51,2730.03,2719.74,149.846,408706.14
2016-03-12,2790.1,2700.5,2713.71,2742.09,2720.78,2708.84,92.0252,252341.7
2016-03-11,2944.0,2733.69,2778.1,2785.27,2788.56,2780.4,83.7716,233326.6
2016-03-10,2752.23,2681.0,2733.69,2726.09,2733.9,2732.71,96.7189,263664.68
2016-03-09,2747.23,2711.01,2734.05,2722.44,2744.02,2734.05,51.0648,139020.77
2016-03-08,2759.42,2713.0,2728.27,2742.0,2738.03,2728.28,40.1578,110112.56
2016-03-07,2763.49,2702.49,2737.25,2732.37,2737.25,2735.78,37.3942,102174.96
2016-03-06,2748.25,2644.51,2720.4,2701.61,2722.87,2711.36,55.4049,149682.29
2016-03-05,2736.8,2624.82,2686.32,2694.08,2684.65,2672.0,57.4364,154738.45
2016-03-04,2814.01,2719.55,2735.74,2768.97,2734.92,2720.66,50.035,138545.45
2016-03-03,2833.24,2775.5,2788.42,2801.98,2798.2,2787.8,48.2632,135232.64
2016-03-02,2916.26,2821.35,2825.01,2890.26,2825.53,2820.2,43.2924,125126.28
2016-03-01,2935.97,2880.0,2899.4,2902.86,2910.05,2898.91,52.283,151770.03
2016-02-29,2948.0,2865.21,2916.25,2915.65,2930.49,2915.64,33.4128,97419.93
2016-02-28,2894.13,2800.0,2885.14,2836.88,2885.37,2873.76,42.3171,120048.67
2016-02-27,2890.65,2853.29,2875.0,2876.94,2874.96,2867.22,14.883,42817.6
2016-02-26,2853.29,2792.61,2853.29,2813.74,2866.26,2853.29,39.5892,111393.73
2016-02-25,2844.91,2781.35,2806.43,2807.81,2818.64,2808.46,53.8255,151131.84
2016-02-24,2823.51,2740.21,2812.4,2783.66,2815.11,2809.54,22.6452,63036.38
2016-02-23,2925.02,2750.36,2783.81,2847.48,2787.83,2776.99,39.0638,111233.53
2016-02-22,2938.06,2882.53,2921.5,2914.07,2922.75,2921.5,28.3214,82530.47
2016-02-21,2990.0,2847.66,2937.55,2943.74,2937.34,2924.56,60.1231,176986.5
2016-02-20,2954.95,2807.98,2935.0,2846.62,2924.55,2912.16,64.7028,184184.18
2016-02-19,2830.06,2788.0,2812.09,2814.87,2819.21,2812.09,25.69,72313.85
2016-02-18,2850.0,2785.01,2827.11,2813.04,2825.39,2816.19,51.5489,145009.14
2016-02-17,2817.01,2724.36,2800.01,2782.1,2801.38,2785.42,37.9762,105653.34
2016-02-16,2752.66,2700.0,2744.99,2727.0,2744.98,2736.0,54.2977,148070.04
2016-02-15,2790.0,2680.0,2722.83,2747.22,2735.69,2722.83,61.8504,169916.32
2016-02-14,2770.0,2607.47,2758.02,2693.56,2770.3,2758.31,57.5861,155111.42
2016-02-13,2636.01,2570.02,2629.99,2615.1,2639.99,2605.38,36.2077,94686.58
2016-02-12,2590.0,2538.16,2587.98,2576.22,2587.98,2570.02,29.5399,76101.38
2016-02-11,2600.02,2540.0,2577.52,2581.83,2590.0,2566.14,22.4167,57876.07
2016-02-10,2600.01,2535.0,2585.4,2568.42,2599.98,2583.21,39.4287,101269.46
2016-02-09,2562.51,2523.33,2541.8,2540.14,2551.26,2538.0,17.6464,44824.22
2016-02-08,2561.82,2527.12,2542.77,2543.37,2541.97,2532.98,15.9603,40592.8
2016-02-07,2574.87,2450.0,2540.01,2542.08,2548.33,2540.01,32.0925,81581.68
2016-02-06,2601.75,2446.07,2542.57,2538.58,2545.62,2543.41,75.8072,192443.03
2016-02-05,2610.0,2501.02,2586.06,2590.54,2586.06,2581.0,24.4403,63313.73
2016-02-04,2601.19,2377.0,2597.41,2505.99,2610.0,2598.01,60.5121,151643.0
2016-02-03,2516.27,2465.04,2482.17,2497.22,2487.06,2475.85,24.0221,59988.51
2016-02-02,2525.55,2450.0,2514.37,2498.93,2512.8,2510.0,22.3381,55821.39
2016-02-01,2544.8,2450.0,2508.39,2503.11,2508.37,2495.01,38.926,97436.35
2016-01-31,2542.61,2440.51,2455.2,2519.43,2468.84,2440.51,21.2173,53455.66
2016-01-30,2554.93,2500.0,2516.0,2534.9,2530.51,2516.01,24.6996,62611.12
2016-01-29,2556.0,2419.9,2537.63,2485.09,2552.15,2537.42,59.966,149020.75
2016-01-28,2627.82,2514.0,2528.18,2552.31,2528.15,2527.95,106.1061,270815.27
2016-01-27,2650.01,2550.01,2615.7,2612.25,2618.77,2615.71,241.0105,629579.86
2016-01-26,2660.07,2500.0,2609.99,2600.89,2613.0,2604.21,144.2272,375118.42
2016-01-25,2672.5,2585.0,2595.79,2629.69,2608.95,2595.79,24.4911,64403.87
2016-01-24,2699.98,2559.13,2645.0,2636.98,2664.98,2640.01,14.3955,37960.56
2016-01-23,2612.82,2515.44,2572.24,2573.26,2577.38,2562.7,30.4005,78228.47
2016-01-22,2736.23,2500.13,2533.17,2595.75,2539.73,2526.93,79.171,205508.29
2016-01-21,2831.64,2701.12,2732.43,2771.2,2740.44,2725.51,36.1096,100066.93
2016-01-20,2823.0,2506.47,2726.03,2587.58,2803.89,2726.03,45.8791,118715.6
2016-01-19,2557.0,2516.01,2533.97,2537.6,2536.72,2525.18,18.6329,47282.77
2016-01-18,2573.97,2500.0,2540.69,2527.22,2559.93,2534.7,42.3552,107040.87
2016-01-17,2680.0,2488.0,2510.0,2538.62,2546.89,2510.0,23.0084,58409.58
2016-01-16,2561.09,2346.32,2536.0,2442.34,2575.4,2465.46,52.126,127309.27
2016-01-15,2794.76,2409.0,2427.26,2630.58,2432.11,2417.42,40.9697,107774.21
2016-01-14,2845.92,2763.0,2806.81,2797.43,2806.8,2763.02,12.9137,36125.18
2016-01-13,2900.01,2738.0,2812.06,2819.11,2842.31,2807.83,44.2032,124613.8
2016-01-12,2947.19,2880.14,2886.0,2924.79,2937.63,2886.0,18.9662,55472.1
2016-01-11,2964.33,2862.0,2940.0,2919.46,2945.0,2940.0,13.3237,38898.0
2016-01-10,2960.0,2856.86,2925.0,2900.16,2925.0,2895.0,25.0267,72581.6
2016-01-09,3019.0,2822.01,2960.0,2965.42,2960.0,2946.85,22.8975,67900.68
2016-01-08,3033.02,2975.0,3012.53,3007.17,3025.0,3011.97,49.8373,149869.35
2016-01-07,2990.0,2773.01,2955.05,2922.23,2979.98,2951.68,25.231,73730.78
2016-01-06,2827.3,2769.59,2798.66,2795.81,2820.67,2777.31,21.2215,59331.46
2016-01-05,2850.0,2802.0,2832.0,2815.91,2831.89,2802.49,7.8006,21965.71
2016-01-04,2843.01,2761.58,2843.0,2815.39,2849.99,2843.0,22.5068,63365.45
2016-01-03,2839.04,2760.0,2817.96,2823.66,2817.64,2761.36,9.1567,25855.47
2016-01-02,2856.3,2799.62,2839.03,2813.19,2839.03,2825.93,5.663,15931.2
2016-01-01,2881.67,2794.0,2827.4,2827.02,2846.74,2818.23,15.37,43451.39
2015-12-31,2842.84,2723.64,2836.21,2774.05,2832.07,2817.81,33.3161,92420.34
2015-12-30,2853.06,2751.5,2788.26,2805.05,2800.78,2790.29,48.1067,134941.64
2015-12-29,2830.84,2728.42,2820.4,2762.92,2833.48,2799.01,31.9495,88273.89
2015-12-28,2779.16,2681.28,2752.97,2755.14,2752.97,2752.18,27.8347,76688.48
2015-12-27,2732.18,2599.02,2703.48,2676.39,2718.16,2706.04,18.8935,50566.43
2015-12-26,3020.63,2573.09,2673.67,2748.42,2688.09,2648.35,124.1979,341348.07
2015-12-25,3033.17,2880.01,3019.75,2998.87,3020.54,3008.42,63.3175,189881.18
2015-12-24,3000.06,2886.3,2960.0,2963.01,2981.15,2936.09,25.3917,75235.82
2015-12-23,2939.0,2850.0,2918.6,2904.47,2915.17,2882.1,13.0387,37870.46
2015-12-22,2982.39,2841.11,2897.59,2906.41,2884.08,2848.0,33.5778,97590.96
2015-12-21,2989.99,2812.0,2900.0,2918.22,2900.0,2896.75,25.4904,74386.5
2015-12-20,3087.98,2853.77,2899.75,3028.56,2899.75,2891.18,59.6665,180703.37
2015-12-19,3090.0,3016.23,3071.57,3047.02,3059.98,3042.23,11.8649,36152.52
2015-12-18,3089.99,2980.1,3089.99,3042.79,3089.98,3051.01,40.5662,123434.39
2015-12-17,3050.0,2950.11,3000.09,2997.72,3023.0,2980.1,56.4551,169236.51
2015-12-16,3080.0,2900.0,2997.97,3016.11,3027.02,2997.97,52.8778,159485.42
2015-12-15,3075.05,2942.95,3075.05,3013.39,3075.05,3002.01,40.0638,120727.64
2015-12-14,2975.0,2851.33,2956.37,2923.86,2964.65,2951.21,79.265,231760.11
2015-12-13,2927.92,2829.16,2895.0,2890.46,2911.62,2898.35,51.5694,149059.15
2015-12-12,3128.3,2682.82,2834.26,2869.98,2856.89,2844.09,86.3323,247771.67
2015-12-11,2995.72,2723.51,2963.0,2843.09,2981.14,2966.11,53.8332,153052.59
2015-12-10,2767.68,2700.0,2745.0,2736.76,2744.98,2742.03,41.6599,114012.96
2015-12-09,2788.88,2562.0,2728.0,2734.46,2747.67,2701.99,61.3163,167667.0
2015-12-08,2614.0,2570.0,2593.33,2586.27,2596.97,2568.05,9.3247,24116.14
2015-12-07,2621.03,2529.98,2599.79,2586.38,2613.55,2601.0,24.4739,63298.88
2015-12-06,2669.95,2410.0,2580.0,2600.59,2609.9,2580.0,62.809,163340.6
2015-12-05,2535.0,2351.12,2533.92,2440.06,2550.0,2537.62,104.5784,255178.16
2015-12-04,2355.42,2295.89,2345.72,2327.05,2355.4,2348.65,12.3199,28669.08
2015-12-03,2412.2,2300.0,2335.2,2324.9,2344.85,2333.06,48.006,111609.27
2015-12-02,2342.55,2246.66,2330.61,2286.87,2345.25,2333.28,53.0348,121283.76
2015-12-01,2481.27,2285.47,2339.52,2430.08,2346.06,2333.99,98.9313,240410.82
2015-11-30,2484.34,2357.98,2465.8,2436.55,2480.42,2455.99,46.4307,113130.62
2015-11-29,2392.16,2275.0,2392.16,2323.45,2390.0,2375.0,40.0307,93009.3
2015-11-28,2323.04,2240.01,2260.0,2278.0,2294.47,2251.11,29.8534,68006.25
2015-11-27,2340.0,2220.0,2317.92,2279.61,2323.0,2278.01,112.3708,256161.24
2015-11-26,2333.02,2032.31,2221.36,2182.4,2222.09,2203.74,138.0604,301302.46
2015-11-25,2100.0,2028.01,2072.74,2058.4,2090.0,2072.74,63.9561,131647.4
2015-11-24,2079.91,2026.05,2026.2,2055.36,2058.73,2026.07,188.0445,386499.09
2015-11-23,2087.53,2063.14,2079.45,2083.17,2079.83,2075.5,53.8801,112241.3
2015-11-22,2107.16,2026.02,2078.93,2083.71,2089.4,2078.94,59.7672,124537.48
2015-11-21,2129.0,2059.81,2091.44,2096.99,2091.83,2081.72,59.0941,123919.72
2015-11-20,2099.91,2007.2,2078.28,2047.46,2076.1,2068.0,54.5306,111649.35
2015-11-19,2137.43,2060.0,2095.27,2117.48,2095.91,2086.91,77.4052,163904.25
2015-11-18,2144.85,2113.76,2137.72,2122.32,2146.31,2135.29,32.8021,69616.45
2015-11-17,2158.66,2050.03,2134.25,2127.2,2140.0,2135.66,117.0814,249055.09
2015-11-16,2127.0,2032.97,2108.27,2062.87,2126.05,2115.49,61.16,126165.07
2015-11-15,2165.0,2061.0,2074.04,2143.23,2100.03,2075.0,71.1374,152464.23
2015-11-14,2179.95,2109.31,2149.66,2139.48,2149.99,2149.65,36.0363,77099.05
2015-11-13,2250.0,2089.86,2151.52,2160.96,2163.4,2147.06,63.4472,137107.06
2015-11-12,2287.0,1984.65,2139.79,2114.66,2154.5,2148.68,112.0808,237012.55
2015-11-11,2232.83,1850.0,2005.0,2049.01,2012.94,1983.87,185.288,379656.22
2015-11-10,2539.0,2101.48,2110.67,2387.4,2197.8,2121.9,89.153,212843.97
2015-11-09,2549.16,2400.01,2539.0,2482.75,2539.0,2474.8,110.5654,274506.69
2015-11-08,2601.33,2442.31,2495.23,2578.18,2486.83,2476.45,145.7352,375731.62
2015-11-07,2621.84,2412.01,2571.62,2568.37,2590.69,2584.82,159.8303,410502.44
2015-11-06,2657.26,2306.48,2489.91,2471.2,2489.91,2481.92,207.2931,512263.59
2015-11-05,3080.0,2556.08,2645.83,2835.48,2653.33,2647.71,298.7676,847148.63
2015-11-04,3344.74,2680.59,2789.37,2981.85,2891.45,2787.41,391.0768,1166133.98
2015-11-03,2760.01,2378.21,2664.04,2519.15,2671.7,2658.28,300.3259,756565.54
2015-11-02,2420.38,2202.74,2409.32,2266.11,2418.13,2416.01,164.0824,371828.08
2015-11-01,2237.0,2093.89,2236.33,2151.7,2240.6,2232.65,151.5826,326159.56
2015-10-31,2259.18,2054.51,2120.67,2159.52,2139.19,2131.45,398.467,860498.69
2015-10-30,2309.37,2046.46,2167.13,2187.06,2166.69,2160.4,417.5071,913114.23
2015-10-29,2098.08,1970.11,2090.02,2047.58,2086.36,2083.36,256.6909,525596.38
2015-10-28,2000.0,1906.0,1975.14,1974.6,1975.13,1971.03,195.2455,385532.33
2015-10-27,1939.83,1859.63,1926.04,1891.84,1935.61,1928.0,77.4217,146469.59
2015-10-26,1897.9,1836.78,1864.72,1861.08,1860.53,1855.37,45.7478,85140.2
2015-10-25,1936.08,1816.21,1882.78,1887.77,1889.22,1882.61,94.2724,177964.3
2015-10-24,1825.1,1791.79,1815.85,1816.8,1818.9,1815.85,12.2121,22187.0
2015-10-23,1818.51,1772.69,1778.95,1791.76,1787.71,1784.53,94.9471,170122.02
2015-10-22,1797.1,1728.07,1797.09,1762.89,1797.1,1780.02,46.3985,81795.52
2015-10-21,1770.12,1710.52,1737.06,1732.73,1738.58,1728.91,34.435,59666.41
2015-10-20,1757.17,1729.18,1751.93,1741.81,1748.74,1745.78,35.2289,61361.95
2015-10-19,1746.74,1712.14,1722.62,1733.42,1721.91,1718.55,25.7091,44564.54
2015-10-18,1810.86,1705.0,1721.83,1758.66,1726.1,1721.25,35.3897,62238.39
2015-10-17,1832.0,1705.99,1800.01,1782.7,1801.4,1796.6,107.026,190794.87
2015-10-16,1741.87,1640.2,1720.99,1687.98,1720.99,1717.99,109.2923,184483.37
2015-10-15,1658.24,1629.99,1643.0,1645.04,1645.07,1641.99,16.7231,27510.08
2015-10-14,1645.99,1548.0,1635.0,1623.99,1639.99,1636.51,57.9714,94144.66
2015-10-13,1634.0,1569.13,1613.99,1599.04,1614.99,1614.04,23.0685,36887.43
2015-10-12,1598.75,1578.99,1584.99,1587.89,1585.99,1583.99,20.7689,32978.67
2015-10-11,1590.15,1572.0,1588.66,1579.35,1589.99,1588.66,16.8062,26542.99
2015-10-10,1578.99,1566.99,1574.62,1574.02,1574.62,1574.59,15.6285,24599.63
2015-10-09,1584.37,1561.68,1571.99,1571.92,1573.99,1571.99,21.1122,33186.56
2015-10-08,1590.0,1563.4,1568.5,1576.0,1568.5,1567.99,30.9156,48722.97
2015-10-07,1601.2,1581.2,1585.0,1592.35,1584.52,1583.99,30.1519,48012.35
2015-10-06,1600.0,1546.01,1589.99,1572.92,1589.99,1588.13,39.3895,61956.65
2015-10-05,1554.1,1530.01,1554.1,1541.72,1554.9,1554.04,30.3713,46824.07
2015-10-04,1557.98,1538.13,1541.63,1544.71,1541.67,1540.35,13.9484,21546.26
2015-10-03,1547.0,1530.54,1546.0,1537.97,1547.0,1545.0,22.9213,35252.2
2015-10-02,1544.06,1529.39,1533.38,1535.95,1533.38,1532.01,18.7887,28858.53
2015-10-01,1540.82,1525.26,1537.08,1531.61,1537.62,1536.0,23.2626,35629.1
2015-09-30,1542.98,1518.94,1531.76,1532.19,1531.76,1530.0,38.1348,58429.54
2015-09-29,1573.0,1534.4,1540.0,1553.98,1541.0,1539.0,57.1494,88808.86
2015-09-28,1567.0,1508.0,1555.87,1548.89,1556.0,1554.0,53.758,83265.28
2015-09-27,1520.65,1508.51,1512.0,1514.79,1513.0,1511.0,17.0745,25864.16
2015-09-26,1530.0,1507.0,1518.0,1520.38,1519.0,1517.0,24.5224,37283.42
2015-09-25,1536.81,1504.23,1520.0,1523.54,1521.0,1519.79,29.5871,45077.09
2015-09-24,1524.66,1490.33,1520.0,1507.08,1519.95,1519.0,39.0528,58855.55
2015-09-23,1501.12,1487.66,1493.94,1495.96,1492.89,1490.33,19.8113,29636.95
2015-09-22,1518.81,1448.96,1493.03,1497.38,1491.62,1487.66,89.4553,133948.76
2015-09-21,1489.81,1445.94,1461.27,1467.5,1460.38,1459.27,61.7091,90557.94
2015-09-20,1492.23,1482.0,1485.73,1484.59,1488.62,1484.62,19.1385,28412.81
2015-09-19,1497.99,1483.17,1484.17,1489.78,1486.8,1483.36,31.2956,46623.62
2015-09-18,1504.96,1483.34,1490.51,1495.61,1493.18,1490.67,47.0052,70301.41
2015-09-17,1512.53,1471.49,1496.03,1484.13,1499.05,1496.03,117.8708,174936.07
2015-09-16,1490.0,1460.93,1475.0,1474.94,1475.83,1473.46,32.3939,47779.02
2015-09-15,1498.99,1475.34,1480.3,1483.72,1480.3,1477.16,46.4191,68872.95
2015-09-14,1492.74,1458.53,1486.36,1477.61,1488.54,1486.37,24.7457,36564.61
2015-09-13,1521.0,1467.02,1475.92,1499.65,1469.74,1468.29,25.334,37992.06
2015-09-12,1545.06,1507.0,1515.4,1534.19,1515.74,1514.0,32.5586,49951.24
2015-09-11,1555.0,1527.0,1537.0,1541.16,1537.7,1536.0,28.5417,43987.25
2015-09-10,1536.8,1509.0,1530.0,1527.21,1530.0,1529.16,27.0973,41383.2
2015-09-09,1564.0,1518.96,1528.0,1537.16,1529.0,1527.0,32.7312,50313.15
2015-09-08,1572.01,1530.0,1555.0,1555.05,1553.88,1553.0,71.7413,111561.42
2015-09-07,1552.8,1523.51,1540.0,1535.42,1540.14,1539.0,47.8464,73464.27
2015-09-06,1556.57,1494.93,1536.0,1530.16,1538.0,1536.0,57.9084,88609.25
2015-09-05,1524.91,1460.0,1496.25,1486.57,1498.0,1494.02,46.6885,69405.74
2015-09-04,1479.26,1442.0,1473.77,1465.51,1474.91,1474.28,17.3457,25420.25
2015-09-03,1459.72,1432.0,1443.99,1446.18,1444.67,1440.62,18.1053,26183.42
2015-09-02,1465.0,1437.04,1454.5,1453.69,1455.0,1454.0,27.1794,39510.43
2015-09-01,1476.9,1440.58,1446.95,1455.34,1449.05,1444.29,21.4949,31282.4
2015-08-31,1477.78,1433.04,1466.0,1461.54,1470.74,1468.09,76.1195,111252.02
2015-08-30,1482.37,1438.09,1451.24,1461.71,1452.5,1449.92,27.1451,39678.35
2015-08-29,1491.75,1447.0,1453.01,1468.74,1452.81,1452.0,33.3036,48914.35
2015-08-28,1500.0,1412.46,1494.46,1457.94,1492.75,1490.08,48.7691,71102.53
2015-08-27,1463.4,1429.88,1447.12,1442.66,1447.98,1445.66,26.3113,37958.3
2015-08-26,1500.01,1402.18,1443.0,1445.93,1447.5,1445.27,102.7469,148565.03
2015-08-25,1442.99,1264.37,1416.11,1366.64,1416.49,1416.11,223.3036,305174.83
2015-08-24,1458.04,1377.05,1381.59,1411.9,1384.0,1381.0,131.175,185205.42
2015-08-23,1495.64,1438.24,1456.58,1466.63,1457.43,1453.41,56.5528,82941.74
2015-08-22,1511.76,1402.4,1481.13,1457.21,1482.2,1477.5,77.664,113173.08
2015-08-21,1518.0,1485.0,1489.87,1499.57,1492.66,1489.3,43.2744,64893.17
2015-08-20,1543.11,1449.72,1505.57,1500.57,1506.0,1504.0,69.8232,104774.47
2015-08-19,1613.0,1433.1,1461.27,1504.47,1458.3,1453.3,253.5582,381470.35
2015-08-18,1645.31,1587.6,1609.4,1616.27,1610.0,1608.0,45.7036,73869.13
2015-08-17,1658.0,1633.0,1644.0,1640.38,1643.72,1643.0,24.6239,40392.41
2015-08-16,1675.0,1630.34,1645.0,1649.33,1646.0,1645.89,65.7318,108413.12
2015-08-15,1701.0,1671.98,1676.0,1687.74,1677.0,1675.0,10.4226,17590.6
2015-08-14,1701.2,1650.0,1698.0,1681.25,1698.3,1697.0,35.311,59366.49
2015-08-13,1700.43,1660.22,1678.31,1677.13,1679.0,1677.0,27.1656,45560.12
2015-08-12,1707.76,1673.98,1695.0,1694.32,1695.45,1695.34,74.9105,126922.4
2015-08-11,1684.0,1630.0,1683.0,1659.53,1684.0,1682.0,31.8217,52809.13
2015-08-09,1659.0,1600.0,1628.0,1621.66,1628.0,1626.7,50.655,82145.08
2015-08-08,1742.51,1653.0,1657.0,1695.74,1658.0,1656.0,59.5366,100958.85
2015-08-07,1740.16,1711.18,1735.0,1728.85,1736.13,1735.0,38.1872,66019.7
2015-08-06,1757.0,1724.0,1732.0,1738.11,1732.0,1730.0,19.4674,33836.55
2015-08-05,1770.0,1742.2,1755.0,1751.9,1755.0,1753.0,28.6904,50262.6
2015-08-04,1771.0,1734.0,1770.21,1756.65,1771.0,1770.0,22.1153,38848.82
2015-08-03,1756.0,1717.1,1751.91,1734.19,1751.93,1751.0,78.5435,136209.6
2015-08-02,1737.0,1700.0,1730.0,1721.41,1731.0,1729.65,45.6565,78593.72
2015-08-01,1761.0,1705.0,1725.13,1728.35,1725.13,1725.0,47.8775,82749.16
2015-07-31,1792.16,1740.54,1759.38,1762.58,1760.0,1758.0,46.4059,81793.9
2015-07-30,1794.9,1765.12,1776.0,1781.67,1777.0,1775.0,41.5327,73997.75
2015-07-29,1831.29,1780.34,1793.91,1805.33,1794.77,1793.0,102.9928,185936.24
2015-07-28,1842.95,1814.73,1829.0,1828.64,1834.0,1829.0,94.0986,172072.21
2015-07-27,1824.49,1767.71,1819.54,1800.24,1823.2,1819.64,55.1306,99248.37
2015-07-26,1816.12,1774.0,1803.14,1790.61,1801.79,1799.42,67.248,120414.63
2015-07-25,1801.17,1759.4,1778.99,1781.37,1782.32,1778.99,65.3433,116400.31
2015-07-24,1787.45,1698.04,1780.51,1733.33,1785.0,1780.51,97.9251,169736.18
2015-07-23,1716.94,1700.0,1705.79,1708.67,1705.79,1703.2,23.1425,39542.84
2015-07-22,1717.99,1685.05,1707.62,1702.54,1708.32,1705.82,63.275,107728.03
2015-07-21,1739.13,1702.0,1712.76,1718.39,1718.97,1714.05,63.2014,108604.78
2015-07-20,1722.36,1670.55,1712.71,1699.84,1716.25,1712.71,50.9655,86633.1
2015-07-19,1717.0,1680.15,1686.43,1692.62,1685.25,1682.0,87.5954,148266.16
2015-07-18,1743.89,1693.0,1700.0,1716.52,1704.34,1700.0,83.3851,143132.2
2015-07-17,1725.53,1666.55,1722.13,1699.17,1725.75,1722.13,103.2304,175406.29
2015-07-16,1805.53,1676.99,1703.54,1731.25,1703.53,1699.84,245.1253,424373.04
2015-07-15,1825.1,1784.42,1804.38,1807.67,1804.4,1801.3,75.7681,136963.97
2015-07-14,1860.0,1780.55,1799.55,1817.14,1802.9,1799.05,118.1668,214725.51
2015-07-13,1978.49,1742.55,1829.01,1837.88,1832.75,1829.31,346.5784,636970.11
2015-07-12,1985.45,1863.05,1953.25,1923.91,1956.0,1953.25,182.0547,350255.92
2015-07-11,1927.68,1771.55,1876.06,1842.58,1878.94,1876.06,267.066,492091.1
2015-07-10,2152.77,1679.0,1783.32,1818.33,1788.38,1782.0,652.9346,1187248.75
2015-07-09,1725.64,1662.23,1693.67,1693.74,1694.74,1692.31,217.4523,368307.51
2015-07-08,1728.14,1635.0,1673.63,1684.51,1677.35,1675.07,174.5943,294105.27
2015-07-07,1723.14,1643.5,1652.44,1677.12,1656.99,1653.93,135.3658,227025.18
2015-07-06,1743.13,1659.92,1721.0,1697.49,1722.43,1717.84,262.4309,445473.56
2015-07-05,1705.17,1589.3,1685.75,1649.78,1686.45,1684.47,153.89,253884.47
2015-07-04,1609.85,1560.55,1606.68,1584.66,1609.45,1609.33,79.0737,125304.95
2015-07-03,1588.73,1552.0,1576.2,1572.43,1575.94,1573.82,65.4126,102856.45
2015-07-02,1625.44,1556.83,1574.92,1591.13,1574.91,1572.01,115.8898,184395.34
2015-07-01,1641.96,1577.0,1602.08,1609.76,1605.01,1601.34,184.6097,297177.29
2015-06-30,1665.83,1585.24,1630.38,1630.04,1630.45,1627.85,197.0791,321247.25
2015-06-29,1599.41,1540.0,1586.55,1566.9,1590.89,1585.24,158.0869,247705.71
2015-06-28,1575.78,1530.4,1543.4,1552.33,1543.4,1542.35,101.5077,157573.77
2015-06-27,1567.79,1501.57,1567.79,1522.27,1564.56,1561.4,86.2958,131365.5
2015-06-26,1511.75,1492.05,1500.41,1500.56,1502.14,1500.41,65.3658,98085.54
2015-06-25,1513.48,1487.0,1507.0,1500.42,1507.0,1505.18,46.6906,70055.41
2015-06-24,1524.54,1489.0,1495.36,1506.51,1496.82,1493.0,66.8794,100754.59
2015-06-23,1543.82,1507.0,1521.86,1522.9,1525.29,1521.86,56.5309,86090.89
2015-06-22,1548.0,1511.0,1543.91,1528.82,1543.98,1541.5,66.6291,101863.85
2015-06-21,1537.74,1500.0,1511.24,1518.89,1513.12,1510.98,49.8491,75715.29
2015-06-20,1537.05,1486.58,1529.7,1513.28,1529.15,1526.59,117.8978,178412.07
2015-06-19,1577.18,1521.81,1522.0,1548.16,1527.87,1523.88,187.3149,289993.03
2015-06-18,1596.86,1533.2,1572.23,1566.36,1570.54,1569.64,197.0507,308652.06
2015-06-17,1640.4,1555.66,1575.64,1596.36,1578.38,1575.64,449.7841,718017.49
2015-06-16,1605.89,1469.65,1563.05,1537.97,1566.35,1561.46,366.3189,563387.21
2015-06-14,1462.65,1436.08,1448.77,1449.32,1448.77,1446.08,79.0663,114592.38
2015-06-13,1444.77,1418.1,1441.26,1426.91,1441.25,1439.06,73.6943,105155.2
2015-06-12,1436.3,1417.4,1427.91,1426.83,1427.41,1425.4,76.8894,109708.03
2015-06-11,1428.3,1410.0,1420.62,1420.78,1422.0,1420.62,123.6995,175750.24
2015-06-10,1428.0,1408.0,1417.13,1417.46,1418.48,1415.71,91.4865,129678.13
2015-06-09,1429.02,1410.3,1419.31,1419.14,1420.51,1418.38,45.0063,63870.3
2015-06-08,1425.7,1378.8,1417.77,1394.79,1417.71,1415.31,82.2852,114770.94
2015-06-07,1403.7,1372.45,1384.0,1390.41,1383.75,1379.02,46.8253,65106.4
2015-06-06,1402.95,1392.0,1395.78,1397.5,1397.07,1395.43,35.4208,49500.59
2015-06-05,1406.4,1385.65,1402.72,1397.28,1402.71,1401.18,70.1376,98002.16
2015-06-04,1411.68,1394.0,1403.74,1401.97,1403.18,1401.2,42.5116,59600.21
2015-06-03,1421.6,1392.98,1413.1,1406.67,1412.71,1409.48,87.7249,123400.26
2015-06-02,1415.33,1375.0,1406.6,1393.64,1407.69,1406.6,97.3008,135602.21
2015-06-01,1445.0,1377.0,1384.5,1425.35,1385.13,1384.19,142.8853,203661.91
2015-05-31,1455.3,1433.71,1443.97,1445.09,1441.77,1439.05,93.8888,135677.72
2015-05-30,1482.2,1444.0,1449.0,1460.86,1448.59,1448.03,67.8524,99122.69
2015-05-29,1634.94,1465.32,1480.78,1499.98,1480.78,1478.09,431.7882,647671.84
2015-05-28,1488.88,1469.27,1483.62,1482.45,1485.26,1483.39,173.1536,256691.37
2015-05-27,1500.0,1476.29,1482.88,1485.06,1481.41,1479.56,143.5522,213184.25
2015-05-26,1488.43,1467.26,1481.0,1480.64,1481.0,1480.91,82.6786,122416.89
2015-05-25,1506.53,1471.72,1478.27,1492.47,1478.39,1476.66,100.4561,149927.78
2015-05-24,1512.75,1482.15,1504.07,1494.77,1505.37,1503.39,78.3278,117082.37
2015-05-23,1512.59,1484.88,1491.15,1495.53,1491.15,1489.26,212.6635,318044.93
2015-05-22,1503.86,1457.94,1499.98,1474.53,1503.1,1498.41,129.0782,190330.35
2015-05-21,1476.73,1452.57,1460.24,1459.98,1461.26,1461.17,109.1666,159381.24
2015-05-20,1460.32,1439.98,1453.47,1448.81,1453.62,1453.47,81.7213,118398.99
2015-05-19,1474.0,1440.73,1449.13,1449.43,1449.46,1447.35,195.6357,283560.63
2015-05-18,1476.55,1440.71,1448.56,1461.38,1448.56,1445.17,121.0774,176940.54
2015-05-17,1476.28,1457.88,1465.26,1464.38,1466.0,1465.26,60.9385,89237.01
2015-05-16,1474.98,1453.59,1459.65,1466.4,1463.93,1459.79,66.2831,97197.68
2015-05-15,1478.29,1460.36,1470.46,1469.54,1470.46,1469.34,96.3953,141656.38
2015-05-14,1477.98,1439.96,1467.43,1457.32,1468.36,1465.96,164.1066,239156.65
2015-05-13,1518.23,1456.03,1457.49,1499.65,1473.0,1460.4,78.8427,118236.67
2015-05-12,1510.63,1460.0,1503.95,1498.57,1503.95,1502.0,81.9818,122855.8
2015-05-11,1514.97,1460.0,1509.65,1493.46,1510.62,1506.47,52.8734,78964.56
2015-05-10,1514.96,1479.2,1486.58,1494.62,1488.07,1485.84,36.5587,54641.36
2015-05-09,1535.34,1480.0,1494.55,1513.62,1495.97,1494.56,141.1047,213578.28
2015-05-08,1532.4,1463.72,1515.18,1497.13,1517.02,1515.74,142.4893,213325.51
2015-05-07,1492.24,1410.49,1481.2,1442.95,1484.2,1479.41,67.1391,96878.49
2015-05-06,1464.85,1413.54,1425.52,1450.31,1429.79,1428.83,53.8148,78047.96
2015-05-05,1481.4,1443.0,1458.58,1454.95,1459.97,1456.76,47.6273,69295.05
2015-05-04,1506.55,1468.49,1476.31,1491.37,1477.45,1476.31,190.6747,284367.06
2015-05-03,1514.83,1444.42,1487.19,1492.11,1490.01,1488.27,164.0709,244811.84
2015-05-02,1457.98,1431.28,1453.91,1443.1,1453.91,1450.54,30.279,43695.62
2015-05-01,1480.16,1439.01,1448.02,1453.69,1447.64,1444.83,113.428,164888.63
2015-04-30,1482.22,1385.0,1460.88,1441.28,1456.44,1454.47,193.9768,279575.52
2015-04-29,1404.71,1378.38,1396.67,1387.14,1397.13,1394.45,36.4456,50555.17
2015-04-28,1420.2,1377.16,1388.23,1393.9,1392.5,1389.3,63.697,88787.34
2015-04-27,1427.1,1346.64,1421.0,1371.17,1424.43,1424.2,56.0179,76810.11
2015-04-26,1412.77,1327.0,1355.36,1354.1,1352.82,1350.28,91.0009,123224.6
2015-04-25,1449.04,1406.77,1410.1,1425.41,1412.88,1410.13,42.2321,60198.15
2015-04-24,1479.89,1425.17,1434.17,1444.18,1437.82,1435.17,107.7257,155575.29
2015-04-23,1464.23,1446.26,1459.51,1457.46,1460.0,1459.51,107.0662,156045.1
2015-04-22,1480.3,1449.93,1459.3,1462.87,1458.24,1456.23,90.4932,132379.65
2015-04-21,1469.0,1382.07,1449.3,1434.06,1454.0,1451.67,171.7196,246255.85
2015-04-20,1399.21,1370.69,1383.02,1388.07,1382.07,1381.9,44.1064,61222.94
2015-04-19,1406.41,1373.0,1377.31,1388.84,1384.1,1377.41,25.5539,35490.44
2015-04-18,1391.09,1365.0,1383.38,1380.32,1383.69,1383.38,38.6524,53352.67
2015-04-17,1427.2,1371.0,1379.8,1393.46,1379.89,1378.03,50.6229,70540.86
2015-04-16,1425.0,1374.89,1420.02,1405.15,1423.99,1422.26,52.5104,73784.83
2015-04-15,1380.53,1341.85,1373.53,1370.56,1374.34,1372.96,64.8157,88834.12
2015-04-14,1394.4,1340.0,1344.33,1374.34,1345.73,1344.33,97.34,133778.52
2015-04-13,1468.31,1369.96,1380.0,1425.17,1379.95,1378.46,101.3358,144421.16
2015-04-12,1472.1,1442.18,1461.13,1461.88,1461.92,1460.07,38.2305,55888.51
2015-04-11,1497.09,1450.0,1460.53,1470.2,1459.41,1458.95,71.7061,105422.04
2015-04-10,1509.44,1434.08,1453.2,1470.68,1458.3,1455.57,168.1358,247274.13
2015-04-09,1518.52,1469.0,1503.9,1499.15,1505.35,1502.6,103.4955,155155.2
2015-04-08,1578.73,1492.13,1515.35,1537.07,1516.59,1515.76,100.8003,154937.26
2015-04-07,1591.62,1563.81,1577.98,1574.42,1579.76,1577.18,74.7664,117713.94
2015-04-06,1619.74,1572.77,1589.92,1597.58,1590.36,1588.91,68.1803,108923.49
2015-04-05,1602.54,1559.01,1594.86,1581.13,1597.0,1594.43,63.6144,100582.4
2015-04-04,1597.01,1554.66,1568.89,1582.07,1571.59,1569.37,1849.1345,2925460.85
2015-04-03,1593.0,1560.0,1572.25,1575.51,1572.25,1571.21,139.6346,219995.39
2015-04-02,1576.91,1517.0,1563.87,1545.38,1564.0,1563.09,191.3685,295737.5
2015-04-01,1540.44,1485.0,1536.41,1505.38,1540.0,1538.16,119.3311,179638.81
2015-03-31,1548.8,1498.09,1519.84,1523.25,1520.05,1519.84,196.6464,299542.55
2015-03-30,1550.0,1474.13,1527.15,1525.58,1531.2,1527.15,108.9519,166214.71
2015-03-29,1551.51,1491.0,1525.3,1518.65,1525.3,1508.71,92.1654,139966.71
2015-03-28,1575.0,1510.0,1548.57,1546.45,1547.98,1538.0,53.3629,82523.17
2015-03-27,1553.0,1518.21,1539.96,1530.45,1539.96,1535.1,71.4973,109423.16
2015-03-26,1585.81,1522.0,1545.3,1550.92,1551.1,1544.32,96.9829,150412.49
2015-03-25,1585.0,1466.88,1530.0,1518.04,1547.0,1526.99,153.3677,232818.14
2015-03-24,1656.98,1501.01,1526.39,1567.81,1526.39,1519.0,205.3155,321896.26
2015-03-23,1689.48,1631.08,1650.0,1661.04,1656.96,1650.0,61.0935,101478.68
2015-03-22,1681.5,1617.01,1676.42,1640.77,1676.41,1676.4,68.3346,112121.22
2015-03-21,1649.69,1587.68,1632.2,1627.53,1634.57,1632.2,125.0085,203455.59
2015-03-20,1651.76,1613.86,1633.01,1632.64,1643.4,1633.01,33.4605,54629.06
2015-03-19,1644.25,1568.48,1628.72,1608.48,1631.43,1621.93,117.8159,189504.3
2015-03-18,1796.0,1590.0,1630.0,1718.8,1623.4,1613.0,205.9589,354002.07
2015-03-17,1948.9,1786.0,1790.21,1822.1,1791.1,1784.22,86.0333,156761.68
2015-03-16,1868.0,1800.0,1825.3,1840.13,1831.96,1825.3,116.6884,214721.73
2015-03-15,1810.98,1775.43,1804.0,1792.69,1806.3,1794.32,63.3886,113636.22
2015-03-14,1831.0,1774.0,1785.0,1792.25,1785.0,1777.0,72.7872,130452.57
2015-03-13,1845.0,1789.68,1843.01,1817.95,1839.07,1838.28,172.2076,313065.22
2015-03-12,1840.4,1750.0,1836.59,1818.23,1836.6,1836.59,103.7995,188731.67
2015-03-11,1830.01,1630.0,1825.0,1746.46,1823.0,1758.24,20.8046,36334.49
2015-03-10,1648.88,1623.58,1636.23,1636.23,1648.88,1623.58,0.0,0.0
2015-02-14,1582.01,1449.31,1582.01,1522.8,1590.61,1569.37,335.4716,510857.64
2015-02-13,1475.94,1360.01,1462.1,1429.1,1462.46,1462.1,355.6051,508196.96
2015-02-12,1389.0,1301.73,1389.0,1352.06,1388.99,1373.16,227.3713,307420.44
2015-02-11,1399.0,1276.0,1315.0,1352.79,1315.0,1302.18,437.6235,592011.69
2015-02-10,1398.0,1338.28,1373.36,1358.07,1387.76,1374.0,171.4463,232836.84
2015-02-09,1400.0,1360.0,1374.05,1377.3,1376.62,1369.25,147.7585,203508.36
2015-02-08,1425.0,1380.0,1387.01,1404.87,1396.99,1387.03,97.5275,137013.39
2015-02-07,1438.0,1390.2,1411.41,1414.42,1417.99,1411.56,116.2844,164475.14
2015-02-06,1420.0,1351.4,1406.02,1383.0,1406.3,1397.41,130.0098,179803.7
2015-02-05,1432.0,1350.0,1363.2,1396.47,1363.4,1359.0,182.4721,254816.89
2015-02-04,1472.0,1390.0,1407.08,1416.59,1412.4,1399.6,173.9241,246379.05
2015-02-03,1546.1,1408.1,1445.0,1492.04,1445.0,1438.03,318.8157,475685.4
2015-02-02,1485.87,1390.0,1480.09,1427.28,1485.19,1480.09,243.5823,347660.67
2015-02-01,1446.0,1318.0,1417.0,1366.11,1421.1,1414.2,227.9523,311408.04
2015-01-31,1455.28,1380.0,1391.3,1419.54,1391.3,1383.05,140.35,199232.92
2015-01-30,1519.2,1422.85,1437.0,1466.27,1436.99,1432.0,149.4243,219095.95
2015-01-29,1513.34,1400.57,1444.4,1454.33,1444.4,1441.3,227.7822,331269.84
2015-01-28,1655.2,1450.0,1496.0,1571.57,1496.4,1496.0,329.3552,517605.31
2015-01-27,1690.03,1557.0,1627.18,1606.32,1627.18,1625.0,311.4131,500228.22
2015-01-26,1904.81,1537.4,1658.97,1736.46,1666.4,1659.0,900.1649,1563103.52
2015-01-25,1567.63,1487.32,1540.0,1527.21,1541.58,1536.03,307.1515,469085.04
2015-01-24,1520.0,1404.71,1520.0,1457.42,1520.0,1516.31,177.0056,257971.89
2015-01-23,1444.22,1377.41,1414.0,1405.3,1420.88,1413.0,165.9076,233150.54
2015-01-22,1457.65,1362.52,1430.0,1421.46,1430.0,1425.07,272.2928,387054.39
2015-01-21,1399.0,1282.34,1375.41,1327.59,1382.66,1370.35,182.1066,241763.25
2015-01-20,1313.2,1257.76,1289.08,1289.31,1293.34,1291.1,166.2144,214302.66
2015-01-19,1329.9,1256.71,1308.81,1290.13,1310.86,1304.11,185.6839,239557.17
2015-01-18,1345.0,1179.15,1294.0,1276.74,1294.0,1287.1,291.1109,371671.86
2015-01-17,1297.38,1188.0,1197.89,1227.25,1197.89,1197.88,220.4741,270576.03
2015-01-15,1350.0,1055.0,1274.31,1235.69,1286.98,1274.31,640.7757,791797.01
2015-01-14,1423.02,1011.01,1075.02,1201.82,1080.09,1074.91,697.2907,838015.34
2015-01-13,1676.96,1362.81,1383.2,1508.93,1389.71,1383.2,343.7538,518701.15
2015-01-12,1695.87,1644.0,1666.0,1669.97,1671.89,1666.0,122.4933,204560.6
2015-01-11,1754.45,1638.0,1655.0,1689.17,1653.1,1647.07,171.2754,289314.01
2015-01-10,1778.0,1663.4,1698.2,1708.6,1701.4,1688.32,165.6043,282952.33
2015-01-09,1800.0,1703.01,1759.96,1747.66,1760.0,1753.0,148.962,260334.55
2015-01-08,1797.1,1725.69,1734.88,1766.7,1737.3,1730.53,132.9515,234884.99
2015-01-06,1750.0,1688.0,1736.0,1712.34,1741.2,1734.97,74.5286,127618.44
2015-01-05,1760.0,1612.01,1707.0,1673.72,1710.67,1703.01,186.1192,311511.96
2015-01-04,1857.85,1600.0,1625.0,1696.88,1612.01,1612.0,335.9238,570023.96
2015-01-03,1953.01,1783.3,1783.3,1880.25,1789.0,1783.3,205.0786,385598.89
2015-01-02,1955.99,1930.22,1952.0,1943.09,1952.0,1944.1,67.066,130314.92
2015-01-01,1973.0,1930.21,1942.0,1949.12,1949.3,1942.0,66.3781,129378.73
2014-12-31,1968.99,1920.0,1962.0,1937.24,1964.39,1958.19,66.4637,128756.01
2014-12-30,1964.0,1918.23,1930.1,1940.98,1935.0,1928.0,79.4301,154172.47
2014-12-29,1991.15,1935.01,1961.0,1962.44,1961.0,1954.0,71.6611,140630.83
2014-12-28,1977.01,1935.19,1966.0,1959.59,1966.0,1959.41,71.5054,140121.24
2014-12-27,2060.4,1951.0,1957.42,2001.73,1961.0,1955.1,106.7086,213602.12
2014-12-26,2064.0,1973.0,2058.2,2016.22,2060.4,2055.0,125.1761,252382.24
2014-12-25,2038.01,1982.12,1986.3,2001.37,1994.1,1986.1,113.6904,227536.65
2014-12-24,2098.01,2023.0,2036.0,2064.0,2036.0,2029.0,118.0538,243663.61
2014-12-23,2100.32,2050.0,2091.52,2074.34,2091.5,2086.0,206.8149,429004.99
2014-12-22,2096.0,2000.0,2076.0,2057.64,2076.0,2099.98,158.698,326543.69
2014-12-21,2049.1,1983.0,2013.01,2012.97,2013.0,2007.0,110.1432,221715.21
2014-12-20,2056.6,1945.0,2038.39,2009.01,2041.0,2038.37,148.1971,297729.39
2014-12-19,1995.01,1910.0,1970.4,1955.16,1978.2,1970.4,211.0854,412705.31
2014-12-18,2020.0,1901.42,1930.3,1953.53,1936.85,1930.3,173.3256,338596.15
2014-12-17,2115.0,1973.52,1997.01,2023.36,1997.0,1987.0,333.7145,675225.66
2014-12-16,2170.0,2066.0,2076.0,2103.97,2076.0,2069.12,293.164,616809.22
2014-12-15,2192.0,2152.68,2168.26,2168.81,2170.0,2166.01,84.4281,183108.61
2014-12-14,2192.0,2148.12,2185.1,2169.96,2189.1,2185.1,69.1052,149955.83
2014-12-13,2200.0,2153.0,2156.0,2167.95,2163.0,2155.13,81.3937,176457.0
2014-12-12,2240.73,2154.31,2202.02,2193.64,2202.0,2190.0,217.8363,477853.68
2014-12-11,2263.06,2103.98,2170.12,2192.44,2178.4,2170.12,146.0752,320261.26
2014-12-10,2174.99,2150.0,2158.0,2160.1,2157.99,2151.0,83.3439,180031.19
2014-12-09,2255.16,2133.01,2170.97,2179.47,2173.1,2166.4,269.9579,588364.69
2014-12-08,2310.0,2242.0,2251.0,2272.4,2255.39,2249.4,115.8457,263248.18
2014-12-07,2320.39,2290.0,2298.42,2302.47,2301.98,2296.42,111.8078,257434.67
2014-12-06,2330.1,2280.0,2304.0,2301.82,2311.2,2304.0,99.7221,229542.63
2014-12-05,2332.95,2250.0,2315.0,2286.13,2318.1,2315.0,188.3788,430658.3
2014-12-04,2344.93,2277.0,2288.3,2305.19,2288.0,2283.41,186.9982,431065.92
2014-12-03,2366.88,2300.0,2312.0,2328.15,2309.0,2302.0,176.9827,412041.46
2014-12-02,2370.98,2315.02,2346.0,2347.54,2346.0,2341.1,123.4278,289751.12
2014-12-01,2350.0,2290.0,2335.98,2324.33,2336.38,2329.4,106.3524,247197.51
2014-11-30,2340.4,2280.0,2299.0,2307.07,2306.1,2299.0,126.3034,291390.45
2014-11-29,2375.0,2275.0,2307.98,2318.62,2309.2,2301.3,187.8804,435623.69
2014-11-28,2342.2,2216.0,2305.0,2273.78,2317.2,2309.4,129.6378,294767.53
2014-11-27,2325.0,2255.0,2270.01,2281.32,2275.0,2270.0,123.2303,281127.85
2014-11-26,2349.0,2250.0,2265.4,2284.58,2263.91,2260.0,271.92,621223.8
2014-11-25,2440.0,2280.01,2315.4,2361.84,2324.0,2315.4,305.4902,721519.81
2014-11-24,2396.76,2219.2,2331.84,2289.59,2337.0,2331.4,483.0222,1105922.43
2014-11-23,2272.37,2160.0,2251.0,2204.29,2259.56,2251.0,247.5427,545654.73
2014-11-22,2226.0,2153.0,2170.0,2190.21,2170.0,2163.01,118.3213,259148.92
2014-11-20,2370.81,2200.0,2207.2,2266.2,2215.0,2207.2,222.4876,504202.31
2014-11-19,2377.01,2309.0,2341.21,2338.31,2341.2,2320.66,160.3063,374845.71
2014-11-18,2398.0,2296.0,2335.0,2339.18,2335.0,2329.1,221.1413,517288.49
2014-11-17,2500.0,2315.63,2367.0,2422.51,2367.0,2361.0,279.2785,676554.52
2014-11-16,2379.0,2276.96,2354.06,2329.65,2359.3,2353.45,159.4845,371543.01
2014-11-15,2488.76,2262.0,2290.01,2358.36,2290.0,2284.0,312.2449,736385.98
2014-11-14,2649.62,2325.0,2422.0,2439.31,2425.1,2417.0,614.0788,1497926.95
2014-11-13,2934.0,2434.1,2568.4,2711.95,2580.0,2564.35,1009.7671,2738440.11
2014-11-12,2660.0,2226.12,2573.0,2402.02,2585.9,2573.0,469.73,1128299.62
2014-11-11,2280.0,2220.0,2231.99,2238.81,2231.99,2226.23,219.2412,490838.53
2014-11-10,2279.0,2121.23,2247.0,2215.28,2246.0,2241.1,380.4285,842755.25
2014-11-09,2193.0,2070.0,2188.62,2133.71,2187.1,2183.18,244.6876,522091.36
2014-11-08,2120.0,2071.0,2098.71,2090.7,2100.74,2098.56,150.8136,315306.3
2014-11-07,2142.0,2073.55,2088.0,2108.25,2087.0,2082.29,240.4756,506982.88
2014-11-06,2140.0,2051.78,2123.5,2087.33,2126.1,2122.0,196.7994,410785.28
2014-11-05,2089.86,1988.42,2071.0,2036.48,2077.17,2071.0,276.351,562782.45
2014-11-04,2010.2,1962.0,1991.0,1985.89,1997.0,1988.42,184.0467,365497.21
2014-11-03,2035.0,1970.33,1982.89,1999.37,1983.0,1976.4,218.2245,436310.6
2014-11-02,2015.99,1950.0,1976.0,1978.24,1976.0,1971.0,233.9162,462741.68
2014-11-01,2078.1,1960.2,1981.0,2010.35,1984.04,1981.09,308.7816,620760.26
2014-10-31,2116.21,2037.0,2073.41,2083.66,2075.4,2068.4,215.5325,449097.17
2014-10-30,2137.0,2028.0,2114.0,2056.25,2121.29,2114.0,369.2104,759188.29
2014-10-29,2161.67,2060.0,2061.41,2123.82,2061.41,2060.0,300.7445,638728.42
2014-10-28,2188.99,2134.52,2140.65,2155.24,2140.54,2137.02,148.0306,319041.3
2014-10-27,2174.88,2110.0,2149.74,2144.63,2150.0,2149.41,212.684,456127.61
2014-10-26,2188.4,2109.17,2155.0,2146.69,2155.0,2148.22,216.3351,464404.5
2014-10-25,2186.94,2080.0,2133.4,2133.72,2133.4,2129.03,267.4876,570745.05
2014-10-24,2219.74,2150.0,2185.1,2186.81,2186.67,2185.1,195.227,426923.52
2014-10-23,2340.65,2171.02,2197.2,2244.62,2200.2,2198.18,351.1895,788285.23
2014-10-22,2358.18,2319.35,2329.2,2337.1,2336.0,2328.0,261.0515,610103.96
2014-10-21,2391.0,2322.55,2355.0,2355.53,2355.0,2347.0,239.1431,563307.79
2014-10-20,2393.0,2320.41,2344.4,2347.0,2351.3,2344.4,248.3339,582838.66
2014-10-19,2410.26,2359.2,2370.4,2387.07,2375.0,2368.0,257.4008,614432.83
2014-10-18,2382.3,2285.42,2374.0,2332.35,2379.0,2374.0,368.7496,860052.21
2014-10-16,2446.44,2301.0,2329.2,2381.49,2332.3,2328.0,529.324,1260582.05
2014-10-15,2455.89,2370.0,2414.0,2408.65,2415.0,2414.01,461.8586,1112454.01
2014-10-14,2535.0,2360.0,2466.51,2436.95,2478.2,2466.51,627.9734,1530341.19
2014-10-13,2391.21,2255.99,2391.1,2303.86,2391.1,2391.01,510.8951,1177031.62
2014-10-12,2291.2,2160.24,2283.45,2214.44,2283.56,2283.45,412.0391,912436.25
2014-10-11,2279.7,2160.0,2204.32,2210.34,2208.36,2202.11,383.5474,847768.4
2014-10-10,2349.0,2193.0,2219.41,2247.14,2219.42,2219.0,664.2295,1492618.1
2014-10-09,2400.0,2131.0,2236.0,2256.27,2264.0,2236.0,628.9394,1419054.1
2014-10-08,2157.0,2027.98,2147.18,2087.49,2153.0,2147.18,456.6123,953174.42
2014-10-07,2148.49,2000.01,2036.45,2065.28,2050.0,2036.47,558.1307,1152694.27
2014-10-06,2150.0,1881.2,2113.98,2039.07,2113.98,2106.22,588.3357,1199655.07
2014-10-05,2109.99,1830.0,1892.0,1969.54,1898.18,1892.0,759.2004,1495277.91
2014-10-04,2276.42,2020.0,2060.87,2155.8,2060.87,2052.26,510.8748,1101344.36
2014-10-03,2340.01,2255.29,2257.21,2298.26,2264.0,2257.21,320.5726,736758.76
2014-10-02,2400.0,2310.0,2316.06,2355.99,2315.83,2315.11,302.5202,712734.46
2014-10-01,2419.81,2334.01,2389.4,2380.02,2389.99,2389.4,358.406,853012.31
2014-09-30,2424.82,2300.0,2375.59,2342.27,2378.52,2373.29,446.3188,1045397.26
2014-09-29,2449.14,2309.4,2332.65,2394.9,2345.4,2333.18,425.8567,1019882.4
2014-09-27,2493.24,2413.0,2429.3,2461.01,2437.18,2429.31,413.312,1017165.69
2014-09-26,2551.02,2426.1,2472.0,2485.04,2476.98,2471.02,559.3599,1390033.18
2014-09-25,2608.0,2500.09,2529.0,2541.17,2533.0,2529.0,430.5221,1094027.62
2014-09-24,2678.88,2575.15,2608.0,2631.02,2608.0,2604.42,422.7136,1112169.02
2014-09-23,2640.0,2425.0,2623.05,2483.05,2616.44,2610.4,483.7515,1201176.82
2014-09-22,2531.0,2443.1,2469.4,2476.6,2469.4,2464.62,429.7484,1064315.34
2014-09-21,2557.3,2434.13,2492.89,2483.08,2502.0,2492.89,264.6762,657212.79
2014-09-20,2620.0,2406.0,2523.49,2541.32,2523.38,2517.55,570.7333,1450418.43
2014-09-19,2699.0,2402.0,2454.1,2512.04,2464.1,2454.32,525.9439,1321190.37
2014-09-18,2826.99,2560.0,2655.0,2741.45,2655.38,2655.4,641.4028,1758375.93
2014-09-17,2926.0,2780.77,2796.95,2852.99,2795.1,2793.14,484.0851,1381090.66
2014-09-16,2922.98,2861.02,2869.88,2898.6,2869.87,2865.36,302.7061,877422.59
2014-09-15,2935.0,2898.0,2906.12,2912.97,2910.85,2906.11,432.3753,1259494.43
2014-09-14,2934.48,2811.11,2910.0,2904.88,2910.0,2910.92,554.4798,1610698.17
2014-09-13,2940.59,2882.0,2926.0,2918.72,2924.65,2916.7,317.582,926931.72
2014-09-12,2931.59,2893.3,2925.0,2914.19,2928.04,2925.0,192.4216,560753.73
2014-09-11,2948.0,2880.0,2916.23,2921.12,2916.23,2914.17,222.3352,649467.12
2014-09-10,2912.09,2830.08,2901.3,2884.75,2901.3,2897.0,237.7947,685978.54
2014-09-08,2958.63,2870.0,2901.99,2908.58,2901.1,2894.1,206.5205,600682.37
2014-09-07,2980.0,2952.81,2958.19,2965.89,2961.97,2958.52,128.6434,381541.68
2014-09-06,2981.0,2930.56,2965.0,2956.61,2966.1,2965.0,300.2622,887757.37
2014-09-05,3007.2,2955.4,2963.1,2985.17,2963.4,2963.2,164.328,490547.09
2014-09-04,3014.1,2906.72,2994.0,2946.93,2994.0,2989.72,277.074,816517.51
2014-09-03,2975.0,2907.0,2923.0,2934.15,2925.77,2923.0,146.5691,430056.05
2014-09-02,2973.11,2907.0,2968.96,2933.4,2972.0,2968.95,174.5925,512149.75
2014-09-01,2982.0,2893.51,2950.07,2936.49,2952.95,2946.0,251.7038,739125.28
2014-08-31,3108.55,2927.0,2947.0,3023.76,2952.2,2944.2,364.4205,1101920.3
2014-08-30,3150.0,3078.0,3091.34,3097.24,3089.58,3084.0,207.0869,641397.39
2014-08-29,3128.25,3077.1,3110.3,3103.54,3110.29,3110.0,297.7925,924210.82
2014-08-28,3170.2,3080.52,3106.99,3127.8,3106.99,3106.99,250.5628,783710.81
2014-08-27,3200.0,3101.0,3150.0,3158.47,3157.79,3151.0,300.3155,948536.27
2014-08-26,3144.98,3048.0,3095.01,3097.67,3099.89,3090.01,672.7707,2084019.97
2014-08-25,3114.99,3036.12,3071.4,3070.68,3076.96,3071.4,333.1042,1022856.99
2014-08-24,3120.0,3024.22,3114.5,3071.09,3119.88,3109.1,196.2336,602651.07
2014-08-23,3167.4,3000.69,3049.12,3073.98,3049.11,3046.51,252.9538,777574.78
2014-08-22,3189.0,3027.98,3162.0,3103.3,3162.0,3153.86,310.0554,962194.71
2014-08-21,3268.0,3086.62,3140.1,3171.58,3141.0,3140.1,409.8843,1299980.28
2014-08-20,3177.42,2853.11,3119.0,2968.93,3112.31,3112.3,628.3001,1865377.14
2014-08-19,2990.0,2800.0,2925.2,2895.84,2931.0,2925.2,563.5363,1631912.84
2014-08-18,3149.26,2777.0,2803.09,2912.07,2803.09,2795.31,277.9405,809381.01
2014-08-17,3215.2,3005.22,3013.21,3119.89,3021.0,3010.0,268.0169,836182.48
2014-08-16,3178.2,2985.01,3166.99,3066.87,3166.99,3161.03,347.8291,1066747.99
2014-08-15,3200.0,3012.0,3038.98,3128.07,3039.0,3038.98,343.0256,1073007.58
2014-08-14,3347.71,3061.0,3100.07,3166.47,3107.11,3101.95,656.8359,2079852.74
2014-08-13,3514.13,3250.78,3335.01,3394.29,3338.83,3332.01,342.7201,1163293.13
2014-08-12,3554.0,3451.01,3471.01,3495.47,3478.99,3471.01,406.1576,1419712.87
2014-08-11,3650.0,3541.68,3543.61,3605.79,3549.94,3543.61,246.4982,888819.89
2014-08-10,3672.5,3600.3,3630.99,3621.45,3631.0,3623.1,124.3705,450401.52
2014-08-09,3656.38,3605.63,3615.43,3620.74,3622.96,3615.41,152.4187,551868.72
2014-08-08,3731.34,3601.98,3654.1,3662.99,3654.1,3646.41,216.9778,794786.66
2014-08-07,3633.0,3581.0,3620.31,3607.62,3627.93,3620.33,166.6823,601326.8
2014-08-06,5000.0,3582.0,3612.31,3888.6,3622.4,3614.41,445.0275,1730535.98
2014-08-04,3634.0,3580.0,3624.01,3602.21,3624.0,3623.33,182.781,658415.44
2014-08-02,3680.04,3599.9,3632.02,3646.89,3639.91,3632.02,237.0858,864625.34
2014-07-31,3612.01,3450.0,3596.02,3529.07,3596.71,3596.71,351.2896,1239725.12
2014-07-30,3599.94,3471.0,3488.87,3542.07,3488.87,3474.95,342.8879,1214533.22
2014-07-29,3628.99,3569.99,3589.01,3598.6,3592.96,3589.01,236.8919,852479.53
2014-07-28,3680.98,3565.4,3615.01,3608.73,3622.46,3615.03,294.4606,1062627.66
2014-07-27,3700.0,3662.0,3680.98,3680.3,3680.98,3680.98,192.3945,708068.66
2014-07-26,3735.85,3658.0,3677.1,3682.71,3683.0,3677.12,181.5506,668598.89
2014-07-25,3760.11,3698.1,3714.99,3721.34,3716.99,3709.3,232.4206,864916.89
2014-07-24,3846.15,3698.0,3715.0,3763.66,3714.99,3714.98,290.5363,1093480.67
2014-07-23,3834.99,3818.0,3830.99,3827.12,3830.99,3827.01,139.5119,533928.58
2014-07-22,3855.0,3814.33,3833.8,3829.29,3833.79,3831.03,243.1514,931098.19
2014-07-21,3830.0,3810.0,3818.83,3819.22,3820.58,3818.83,150.1141,573319.46
2014-07-20,3861.2,3810.0,3816.0,3833.65,3817.99,3816.0,169.6341,650318.34
2014-07-19,3872.03,3831.3,3849.84,3852.49,3849.84,3843.33,162.3787,625562.78
2014-07-18,3872.03,3807.02,3846.01,3851.78,3846.01,3846.0,176.0995,678297.32
2014-07-17,3855.55,3750.0,3826.0,3795.04,3834.0,3825.23,321.8527,1221443.62
2014-07-16,3830.0,3770.0,3790.3,3800.47,3790.29,3783.2,187.9188,714179.45
2014-07-15,3840.0,3797.8,3812.12,3818.46,3813.33,3809.13,219.3566,837605.11
2014-07-14,3872.29,3791.1,3824.0,3826.84,3831.68,3824.0,204.7178,783422.84
2014-07-13,3905.0,3850.01,3861.2,3872.2,3861.16,3856.3,272.757,1056169.15
2014-07-12,3910.0,3828.0,3872.0,3872.98,3875.99,3872.0,252.6269,978419.39
2014-07-11,3879.0,3770.0,3870.0,3824.53,3875.3,3870.0,241.0035,921724.67
2014-07-10,3835.0,3756.02,3787.01,3798.35,3800.0,3789.01,256.2989,973512.6
2014-07-09,3859.2,3794.08,3812.3,3820.7,3815.0,3812.1,274.8488,1050115.41
2014-07-08,3880.0,3812.0,3843.02,3834.72,3849.5,3843.02,225.2703,863848.62
2014-07-07,3933.0,3794.1,3834.0,3866.34,3833.69,3833.0,320.5737,1239447.1
2014-07-06,3948.98,3885.07,3914.4,3908.73,3922.3,3914.4,223.7454,874561.45
2014-07-05,3949.0,3870.0,3893.29,3903.15,3888.3,3879.02,288.0016,1124114.7
2014-07-04,4084.0,3900.0,3903.01,3973.97,3907.12,3903.01,373.4557,1484100.83
2014-07-03,4050.0,3950.0,3980.0,3995.91,3983.33,3975.2,335.8524,1342036.41
2014-07-02,4059.99,3931.1,4032.4,3998.62,4038.2,4038.2,443.1431,1771961.95
2014-07-01,4060.0,3960.0,4024.0,4015.17,4031.1,4025.01,618.0428,2481549.61
2014-06-30,3988.1,3741.0,3962.39,3865.67,3967.9,3962.38,538.5746,2081951.78
2014-06-29,3797.2,3721.0,3748.0,3758.25,3748.0,3747.98,272.9324,1025747.89
2014-06-28,3800.11,3708.01,3771.0,3767.3,3775.75,3771.0,364.3879,1372758.2
2014-06-27,3960.42,3586.02,3706.1,3715.9,3710.23,3696.98,426.9932,1586665.73
2014-06-26,3614.98,3550.0,3593.4,3585.62,3599.29,3591.1,321.3257,1152151.86
2014-06-25,3707.0,3560.0,3579.08,3616.07,3580.0,3573.01,407.2535,1472657.78
2014-06-24,3736.87,3610.0,3700.02,3694.78,3708.4,3700.0,265.7543,981905.03
2014-06-23,3795.0,3663.23,3689.3,3719.86,3689.3,3682.5,331.0382,1231417.17
2014-06-22,3805.4,3721.0,3782.0,3774.18,3782.0,3781.03,252.4665,952853.28
2014-06-21,3760.0,3664.4,3734.0,3710.73,3735.0,3727.12,402.8373,1494819.34
2014-06-20,3779.0,3671.02,3710.0,3719.21,3710.0,3705.0,385.9251,1435334.96
2014-06-19,3820.0,3746.24,3779.0,3793.29,3779.2,3779.0,408.5904,1549902.11
2014-06-18,3850.0,3770.0,3789.98,3812.23,3789.98,3785.02,296.0874,1128753.4
2014-06-17,3808.09,3721.0,3800.0,3751.53,3807.0,3800.0,204.6912,767904.66
2014-06-16,3799.99,3573.0,3759.4,3721.63,3761.4,3759.0,526.5218,1959517.53
2014-06-15,3665.0,3503.1,3577.0,3586.77,3577.0,3571.0,381.7687,1369316.75
2014-06-14,3826.01,3516.0,3592.0,3685.4,3601.0,3593.0,533.8743,1967543.06
2014-06-13,3863.0,3674.1,3809.2,3783.13,3809.2,3801.0,638.33,2414886.17
2014-06-12,4043.34,3750.05,3786.98,3945.23,3782.11,3780.02,639.5376,2523121.35
2014-06-11,4099.0,4007.0,4022.0,4045.47,4022.0,4007.5,480.5619,1944098.74
2014-06-10,4117.0,4013.0,4032.0,4065.72,4032.01,4032.0,397.2486,1615102.75
2014-06-09,4095.63,4021.0,4044.44,4057.07,4044.44,4040.0,328.2273,1331640.32
2014-06-08,4101.0,4062.01,4092.0,4078.78,4092.0,4089.02,402.3243,1640991.7
2014-06-07,4100.09,4014.98,4088.0,4069.21,4089.0,4080.4,405.046,1648218.26
2014-06-06,4130.0,4041.01,4074.4,4094.28,4080.2,4074.4,613.7144,2512721.06
2014-06-05,4150.0,3956.0,4087.0,4065.82,4087.0,4079.02,937.6235,3812212.85
2014-06-04,4185.0,3842.0,4001.1,3973.74,4001.0,3993.3,864.3848,3434839.44
2014-06-03,4201.68,3951.1,4141.0,4119.21,4148.3,4141.0,994.5596,4096803.48
2014-06-02,4088.0,3899.98,4047.88,3969.0,4048.0,4034.19,640.5614,2542389.47
2014-06-01,4196.0,3870.04,4036.2,4067.7,4036.2,4024.3,1282.3788,5216336.53
2014-05-31,3911.58,3780.1,3888.0,3847.22,3890.4,3890.4,775.988,2985399.4
2014-05-30,3800.0,3505.02,3800.0,3664.37,3800.0,3799.31,930.6454,3410229.57
2014-05-29,3618.0,3501.01,3517.2,3540.03,3520.0,3517.2,543.0874,1922546.59
2014-05-28,3640.0,3527.1,3590.0,3584.83,3589.0,3571.0,520.0276,1864208.29
2014-05-27,3695.0,3470.0,3572.4,3584.61,3580.98,3572.4,784.7685,2813085.16
2014-05-26,3743.0,3507.0,3675.14,3618.56,3684.0,3675.14,897.3206,3247006.4
2014-05-25,3595.0,3212.03,3549.0,3455.85,3549.0,3542.0,883.7388,3054072.04
2014-05-24,3278.0,3156.09,3239.2,3220.16,3239.2,3232.41,626.152,2016310.52
2014-05-23,3368.8,3130.0,3268.1,3279.49,3270.4,3262.39,1051.3327,3447837.6
2014-05-22,3200.0,3017.24,3200.0,3121.88,3200.0,3195.19,760.1746,2373170.24
2014-05-21,3076.09,2973.0,3039.02,3030.91,3047.0,3039.02,423.2808,1282926.98
2014-05-20,3010.0,2754.0,2975.79,2861.19,2988.0,2980.0,487.3218,1394322.46
2014-05-19,2771.2,2732.76,2746.01,2750.23,2754.4,2748.02,231.0551,635454.52
2014-05-18,2776.0,2746.2,2753.99,2760.48,2756.98,2749.0,148.7253,410553.07
2014-05-17,2795.54,2761.88,2763.2,2776.6,2770.0,2763.2,194.3335,539586.46
2014-05-16,2798.95,2739.9,2793.59,2765.97,2793.59,2787.0,313.7665,867868.08
2014-05-15,2785.87,2731.02,2768.01,2760.6,2768.0,2761.0,292.2854,806883.53
2014-05-14,2741.98,2684.0,2737.4,2717.54,2737.4,2731.22,247.002,671238.6
2014-05-13,2727.84,2678.0,2704.2,2703.92,2704.0,2696.0,252.3969,682462.06
2014-05-12,2742.0,2670.0,2724.2,2705.78,2724.2,2716.0,202.5436,548037.89
2014-05-11,2813.98,2670.0,2674.45,2734.65,2685.2,2678.0,277.3468,758447.11
2014-05-10,2830.19,2761.57,2786.3,2800.72,2786.2,2781.96,253.7452,710669.77
2014-05-08,2795.0,2718.0,2746.0,2763.67,2746.0,2740.0,233.4915,645294.13
2014-05-07,2766.0,2656.5,2755.99,2701.88,2757.3,2756.0,269.5978,728419.81
2014-05-06,2691.99,2560.0,2670.0,2640.06,2670.0,2664.42,302.4871,798585.3
2014-05-05,2699.0,2640.0,2666.31,2667.3,2666.31,2666.31,301.0636,803027.85
2014-05-04,2731.1,2655.0,2683.2,2693.57,2691.3,2683.0,204.3652,550472.19
2014-05-03,2780.0,2658.0,2730.72,2710.76,2732.0,2725.0,248.2013,672813.97
2014-05-02,2810.0,2714.12,2744.0,2758.26,2740.1,2732.3,173.9242,479728.27
2014-05-01,2805.83,2712.0,2783.3,2766.67,2799.6,2780.0,255.2437,706174.94
2014-04-30,2812.0,2625.0,2745.0,2734.4,2745.03,2745.02,436.5697,1193754.36
2014-04-29,2760.5,2640.26,2734.76,2706.37,2742.0,2735.74,278.9874,755042.68
2014-04-28,2715.0,2555.09,2710.0,2647.09,2709.0,2701.0,432.9791,1146132.67
2014-04-27,2822.31,2665.0,2708.4,2773.51,2703.1,2695.0,248.9064,690344.21
2014-04-26,2850.0,2712.0,2819.98,2783.46,2819.98,2816.1,348.8754,971079.08
2014-04-25,3150.99,2650.0,2797.0,2860.8,2805.4,2797.0,1150.282,3290730.22
2014-04-24,3128.6,3010.0,3112.0,3070.39,3112.0,3105.4,514.5314,1579809.84
2014-04-23,3126.64,3037.0,3065.4,3087.16,3067.2,3065.4,505.4114,1560284.72
2014-04-22,3177.19,3001.0,3119.3,3127.24,3119.3,3118.3,664.6435,2078501.03
2014-04-21,3230.5,3069.58,3125.2,3151.53,3131.4,3128.4,634.5597,1999833.28
2014-04-20,3216.0,2884.19,3099.0,3082.98,3099.0,3097.0,1814.0777,5592763.34
2014-04-19,3165.31,2929.2,3163.0,3053.54,3163.0,3161.2,605.1236,1847767.34
2014-04-18,3166.87,2940.0,2984.0,3030.3,2999.0,2981.18,566.9756,1718108.95
2014-04-17,3359.0,3000.0,3135.0,3144.94,3138.0,3135.01,679.6144,2137345.61
2014-04-16,3450.0,3040.0,3295.0,3268.15,3295.0,3294.4,1115.416,3645346.24
2014-04-15,3180.0,2788.88,3116.01,2990.32,3114.98,3112.0,1049.6861,3138899.78
2014-04-14,2980.0,2560.26,2909.4,2796.53,2911.99,2909.3,915.6827,2560733.24
